Prospect_ID,External_ID,EPA_Facility_ID,Account_Name,Account_Site,Parent_Company,Parent_Ownership_Pct,Industry_Sector,NAICS_Code,City,State,ZIP_Code,Address,County,Latitude,Longitude,Total_Direct_Emissions_mtCO2e,Operational_Scale_Band,Target_Decision_Maker_Role,Secondary_Decision_Maker_Role,Decision_Maker_Data_Type,Campaign_Segment,Suggested_Owner,Account_Research_Status,Contact_Research_Status,Qualification_Notes,Facility_Source_URL,Parent_Company_Source_URL,Source_Dataset,Source_As_Of_Date,Research_Date,State_Points_Reference,Sector_Points_Reference,Scale_Points_Reference,Data_Quality_Points_Reference,Viability_Points_Reference,Lead_Score_Reference,Lead_Rank_Reference,Lead_Priority_Reference
NE-001,GHGRP-1006366,1006366,"ND Paper Inc - Rumford Division - Rumford, ME",ND Paper Inc - Rumford Division,ND PAPER LLC,100.0,Pulp and Paper,322120,Rumford,ME,04276,35 HARTFORD ST,Oxford County,44.5508,-70.5411,416873.85,Very Large Reporting Load,Energy Manager,Director of Procurement,Role-based target; individual person not yet verified,Industrial High-Load,Sales Rep C - Northern New England,Verified from EPA source,Role identified; person not yet verified,High-load manufacturing prospect with a clear energy-management and procurement use case.,https://www.epa.gov/ghgreporting/data-sets,https://www.epa.gov/system/files/other-files/2024-10/ghgp_data_parent_company.xlsb,EPA GHGRP 2023 Direct Point Emitters,2024-08-16,2026-07-30,12,30,25,10,10,87,1,High
NE-002,GHGRP-1003048,1003048,"Sappi North America, Inc. - Somerset Operations - Skowhegan, ME","Sappi North America, Inc. - Somerset Operations",SAPPI NORTH AMERICA INC,100.0,"Pulp and Paper,Waste",322120,Skowhegan,ME,04976,1329 WATERVILLE ROAD,Somerset County,44.707585,-69.641313,316253.638,Very Large Reporting Load,Energy Manager,Director of Procurement,Role-based target; individual person not yet verified,Industrial High-Load,Sales Rep C - Northern New England,Verified from EPA source,Role identified; person not yet verified,High-load manufacturing and waste operation; prioritize energy and procurement stakeholders.,https://www.epa.gov/ghgreporting/data-sets,https://www.epa.gov/system/files/other-files/2024-10/ghgp_data_parent_company.xlsb,EPA GHGRP 2023 Direct Point Emitters,2024-08-16,2026-07-30,12,30,25,10,10,87,2,High
NE-003,GHGRP-1001889,1001889,"WOODLAND PULP LLC - Baileyville, ME",WOODLAND PULP LLC,INTERNATIONAL GRAND INVESTMENT CORP,100.0,"Pulp and Paper,Waste",322110,Baileyville,ME,04694,144 MAIN ST.,Washington County,45.156944,-67.404722,258839.416,Very Large Reporting Load,Energy Manager,Director of Procurement,Role-based target; individual person not yet verified,Industrial High-Load,Sales Rep C - Northern New England,Verified from EPA source,Role identified; person not yet verified,High-load manufacturing and waste operation; prioritize energy and procurement stakeholders.,https://www.epa.gov/ghgreporting/data-sets,https://www.epa.gov/system/files/other-files/2024-10/ghgp_data_parent_company.xlsb,EPA GHGRP 2023 Direct Point Emitters,2024-08-16,2026-07-30,12,30,25,10,10,87,3,High
NE-004,GHGRP-1006065,1006065,"KIMBERLY-CLARK TISSUE MILL - New Milford, CT",KIMBERLY-CLARK TISSUE MILL,KIMBERLY-CLARK CORP,100.0,Pulp and Paper,322120,New Milford,CT,06776,58 PICKETT DISTRICT RD,Litchfield County,41.55869,-73.41006,139054.776,Large Reporting Load,Energy Manager,Director of Procurement,Role-based target; individual person not yet verified,Industrial High-Load,Sales Rep B - Connecticut/Rhode Island,Verified from EPA source,Role identified; person not yet verified,High-load manufacturing prospect with a clear energy-management and procurement use case.,https://www.epa.gov/ghgreporting/data-sets,https://www.epa.gov/system/files/other-files/2024-10/ghgp_data_parent_company.xlsb,EPA GHGRP 2023 Direct Point Emitters,2024-08-16,2026-07-30,16,30,20,10,10,86,4,High
NE-005,GHGRP-1000056,1000056,"SPECIALTY MINERALS - Adams, MA",SPECIALTY MINERALS,MINERALS TECHNOLOGIES INC,100.0,Minerals,327410,Adams,MA,01220,260 COLUMBIA STREET,Berkshire County,42.6432,-73.1135,104307.134,Large Reporting Load,Plant Manager,Director of Strategic Sourcing,Role-based target; individual person not yet verified,Industrial High-Load,Sales Rep A - Massachusetts,Verified from EPA source,Role identified; person not yet verified,Industrial process-load prospect with potential power and natural-gas purchasing needs.,https://www.epa.gov/ghgreporting/data-sets,https://www.epa.gov/system/files/other-files/2024-10/ghgp_data_parent_company.xlsb,EPA GHGRP 2023 Direct Point Emitters,2024-08-16,2026-07-30,20,26,20,10,10,86,5,High
NE-006,GHGRP-1005710,1005710,"SEMASS PARTNERSHIP RESOURCE RECOVERY FACILITY - Rochester, MA",SEMASS PARTNERSHIP RESOURCE RECOVERY FACILITY,COVANTA HOLDING CORP,100.0,Waste,562213,Rochester,MA,02770,141 CRANBERRY HIGHWAY ROUTE 28,Plymouth County,41.805415,-70.782559,423563.364,Very Large Reporting Load,Director of Operations,Facilities Manager,Role-based target; individual person not yet verified,Waste and Environmental,Sales Rep A - Massachusetts,Verified from EPA source,Role identified; person not yet verified,"Waste-sector facility; qualify electricity, natural-gas, and multi-site purchasing needs.",https://www.epa.gov/ghgreporting/data-sets,https://www.epa.gov/system/files/other-files/2024-10/ghgp_data_parent_company.xlsb,EPA GHGRP 2023 Direct Point Emitters,2024-08-16,2026-07-30,20,20,25,10,9,84,6,High
NE-007,GHGRP-1001289,1001289,"MIT Central Utility Plant - Cambridge, MA",MIT Central Utility Plant,MASSACHUSETTS INSTITUTE OF TECHNOLOGY,100.0,Other,611310,Cambridge,MA,02139,59 VASSAR ST,Middlesex,42.3611,-71.0934,163803.582,Large Reporting Load,Director of Facilities,Energy and Sustainability Manager,Role-based target; individual person not yet verified,Facilities and Institutions,Sales Rep A - Massachusetts,Verified from EPA source,Role identified; person not yet verified,General commercial or institutional facility; validate site portfolio and purchasing authority.,https://www.epa.gov/ghgreporting/data-sets,https://www.epa.gov/system/files/other-files/2024-10/ghgp_data_parent_company.xlsb,EPA GHGRP 2023 Direct Point Emitters,2024-08-16,2026-07-30,20,22,20,10,10,82,7,High
NE-008,GHGRP-1005136,1005136,"UMASS PHYSICAL PLANT BUILDING - Amherst, MA",UMASS PHYSICAL PLANT BUILDING,UNIVERSITY OF MASSACHUSETTS,100.0,Other,611310,Amherst,MA,01003,360 CAMPUS CENTER WAY,Hampshire County,42.389978,-72.537008,103468.332,Large Reporting Load,Director of Facilities,Energy and Sustainability Manager,Role-based target; individual person not yet verified,Facilities and Institutions,Sales Rep A - Massachusetts,Verified from EPA source,Role identified; person not yet verified,General commercial or institutional facility; validate site portfolio and purchasing authority.,https://www.epa.gov/ghgreporting/data-sets,https://www.epa.gov/system/files/other-files/2024-10/ghgp_data_parent_company.xlsb,EPA GHGRP 2023 Direct Point Emitters,2024-08-16,2026-07-30,20,22,20,10,10,82,8,High
NE-009,GHGRP-1003488,1003488,"RAND-WHITNEY CONTAINERBOARD LP - Montville, CT",RAND-WHITNEY CONTAINERBOARD LP,THE KRAFT GROUP,100.0,Pulp and Paper,322130,Montville,CT,06353,370 Route 163,New London County,41.452778,-72.136111,92176.752,Mid Reporting Load,Energy Manager,Director of Procurement,Role-based target; individual person not yet verified,Industrial High-Load,Sales Rep B - Connecticut/Rhode Island,Verified from EPA source,Role identified; person not yet verified,High-load manufacturing prospect with a clear energy-management and procurement use case.,https://www.epa.gov/ghgreporting/data-sets,https://www.epa.gov/system/files/other-files/2024-10/ghgp_data_parent_company.xlsb,EPA GHGRP 2023 Direct Point Emitters,2024-08-16,2026-07-30,16,30,15,10,10,81,9,High
NE-010,GHGRP-1004283,1004283,"Wheelabrator Bridgeport L.P. - Bridgeport, CT",Wheelabrator Bridgeport L.P.,WHEELABRATOR TECHNOLOGIES HOLDINGS INC,100.0,Waste,562213,Bridgeport,CT,06605,6 HOWARD AVE,Fairfield County,41.162485,-73.207518,309543.362,Very Large Reporting Load,Director of Operations,Facilities Manager,Role-based target; individual person not yet verified,Waste and Environmental,Sales Rep B - Connecticut/Rhode Island,Verified from EPA source,Role identified; person not yet verified,"Waste-sector facility; qualify electricity, natural-gas, and multi-site purchasing needs.",https://www.epa.gov/ghgreporting/data-sets,https://www.epa.gov/system/files/other-files/2024-10/ghgp_data_parent_company.xlsb,EPA GHGRP 2023 Direct Point Emitters,2024-08-16,2026-07-30,16,20,25,10,9,80,10,High
NE-011,GHGRP-1005037,1005037,"ERVING PAPER MILLS INC - Erving, MA",ERVING PAPER MILLS INC,ERVING INDUSTRIES INC,100.0,Pulp and Paper,322120,Erving,MA,01344,97 EAST MAIN STREET,Franklin County,42.60008,-72.37838,34874.012,Small Reporting Load,Energy Manager,Director of Procurement,Role-based target; individual person not yet verified,Industrial High-Load,Sales Rep A - Massachusetts,Verified from EPA source,Role identified; person not yet verified,High-load manufacturing prospect with a clear energy-management and procurement use case.,https://www.epa.gov/ghgreporting/data-sets,https://www.epa.gov/system/files/other-files/2024-10/ghgp_data_parent_company.xlsb,EPA GHGRP 2023 Direct Point Emitters,2024-08-16,2026-07-30,20,30,10,10,10,80,11,High
NE-012,GHGRP-1005970,1005970,"NEWARK AMERICA - Fitchburg, MA",NEWARK AMERICA,GREIF INC,100.0,Pulp and Paper,322130,Fitchburg,MA,01420,100 NEWARK WAY,Worcester County,42.560572,-71.849629,23287.812,Small Reporting Load,Energy Manager,Director of Procurement,Role-based target; individual person not yet verified,Industrial High-Load,Sales Rep A - Massachusetts,Verified from EPA source,Role identified; person not yet verified,High-load manufacturing prospect with a clear energy-management and procurement use case.,https://www.epa.gov/ghgreporting/data-sets,https://www.epa.gov/system/files/other-files/2024-10/ghgp_data_parent_company.xlsb,EPA GHGRP 2023 Direct Point Emitters,2024-08-16,2026-07-30,20,30,10,10,10,80,12,High
NE-013,GHGRP-1005179,1005179,"COVANTA HAVERHILL INC - Haverhill, MA",COVANTA HAVERHILL INC,COVANTA HOLDING CORP,100.0,Waste,562213,Haverhill,MA,01835,100 RECOVERY WAY,Essex County,42.7654,-71.124025,235182.938,Large Reporting Load,Director of Operations,Facilities Manager,Role-based target; individual person not yet verified,Waste and Environmental,Sales Rep A - Massachusetts,Verified from EPA source,Role identified; person not yet verified,"Waste-sector facility; qualify electricity, natural-gas, and multi-site purchasing needs.",https://www.epa.gov/ghgreporting/data-sets,https://www.epa.gov/system/files/other-files/2024-10/ghgp_data_parent_company.xlsb,EPA GHGRP 2023 Direct Point Emitters,2024-08-16,2026-07-30,20,20,20,10,9,79,13,High
NE-014,GHGRP-1006267,1006267,"WHEELABRATOR MILLBURY INC - Millbury, MA",WHEELABRATOR MILLBURY INC,WHEELABRATOR TECHNOLOGIES HOLDINGS INC,100.0,Waste,562213,Millbury,MA,01527,331 SOUTHWEST CUTOFF,Worcester County,42.220747,-71.765208,215001.77,Large Reporting Load,Director of Operations,Facilities Manager,Role-based target; individual person not yet verified,Waste and Environmental,Sales Rep A - Massachusetts,Verified from EPA source,Role identified; person not yet verified,"Waste-sector facility; qualify electricity, natural-gas, and multi-site purchasing needs.",https://www.epa.gov/ghgreporting/data-sets,https://www.epa.gov/system/files/other-files/2024-10/ghgp_data_parent_company.xlsb,EPA GHGRP 2023 Direct Point Emitters,2024-08-16,2026-07-30,20,20,20,10,9,79,14,High
NE-015,GHGRP-1004101,1004101,"WHEELABRATOR NORTH ANDOVER INC. - North Andover, MA",WHEELABRATOR NORTH ANDOVER INC.,WHEELABRATOR TECHNOLOGIES HOLDINGS INC,100.0,Waste,562213,North Andover,MA,01845,285 HOLT ROAD,Essex County,42.726075,-71.122203,200789.514,Large Reporting Load,Director of Operations,Facilities Manager,Role-based target; individual person not yet verified,Waste and Environmental,Sales Rep A - Massachusetts,Verified from EPA source,Role identified; person not yet verified,"Waste-sector facility; qualify electricity, natural-gas, and multi-site purchasing needs.",https://www.epa.gov/ghgreporting/data-sets,https://www.epa.gov/system/files/other-files/2024-10/ghgp_data_parent_company.xlsb,EPA GHGRP 2023 Direct Point Emitters,2024-08-16,2026-07-30,20,20,20,10,9,79,15,High
NE-016,GHGRP-1004287,1004287,"Wheelabrator Saugus Inc. - Saugus, MA",Wheelabrator Saugus Inc.,WHEELABRATOR TECHNOLOGIES HOLDINGS INC,100.0,Waste,562213,Saugus,MA,01906,100 SALEM TURNPIKE,Essex County,42.447211,-70.980472,144607.686,Large Reporting Load,Director of Operations,Facilities Manager,Role-based target; individual person not yet verified,Waste and Environmental,Sales Rep A - Massachusetts,Verified from EPA source,Role identified; person not yet verified,"Waste-sector facility; qualify electricity, natural-gas, and multi-site purchasing needs.",https://www.epa.gov/ghgreporting/data-sets,https://www.epa.gov/system/files/other-files/2024-10/ghgp_data_parent_company.xlsb,EPA GHGRP 2023 Direct Point Emitters,2024-08-16,2026-07-30,20,20,20,10,9,79,16,High
NE-017,GHGRP-1003594,1003594,"DRAGON CEMENT - Thomaston, ME",DRAGON CEMENT,GIANT CEMENT HOLDING INC,100.0,Minerals,327310,Thomaston,ME,04861,107 NEW COUNTY RD,Knox County,44.08401,-69.157238,236952.996,Large Reporting Load,Plant Manager,Director of Strategic Sourcing,Role-based target; individual person not yet verified,Industrial High-Load,Sales Rep C - Northern New England,Verified from EPA source,Role identified; person not yet verified,Industrial process-load prospect with potential power and natural-gas purchasing needs.,https://www.epa.gov/ghgreporting/data-sets,https://www.epa.gov/system/files/other-files/2024-10/ghgp_data_parent_company.xlsb,EPA GHGRP 2023 Direct Point Emitters,2024-08-16,2026-07-30,12,26,20,10,10,78,17,High
NE-018,GHGRP-1004343,1004343,"Pfizer - Andover, MA",Pfizer,PFIZER INC,100.0,Chemicals,325414,Andover,MA,01810,1 BURTT RD.,Essex County,42.61413,-71.16952,47362.816,Small Reporting Load,Plant Manager,Energy Procurement Manager,Role-based target; individual person not yet verified,Industrial High-Load,Sales Rep A - Massachusetts,Verified from EPA source,Role identified; person not yet verified,Energy-intensive industrial facility; prioritize operational and procurement stakeholders.,https://www.epa.gov/ghgreporting/data-sets,https://www.epa.gov/system/files/other-files/2024-10/ghgp_data_parent_company.xlsb,EPA GHGRP 2023 Direct Point Emitters,2024-08-16,2026-07-30,20,28,10,10,10,78,18,High
NE-019,GHGRP-1001068,1001068,"Rousselot Peabody, Inc. - Peabody, MA","Rousselot Peabody, Inc.",ROUSSELOT INC,100.0,Chemicals,325998,Peabody,MA,01960,227 WASHINGTON ST.,Essex County,42.521667,-70.939444,34489.42,Small Reporting Load,Plant Manager,Energy Procurement Manager,Role-based target; individual person not yet verified,Industrial High-Load,Sales Rep A - Massachusetts,Verified from EPA source,Role identified; person not yet verified,Energy-intensive industrial facility; prioritize operational and procurement stakeholders.,https://www.epa.gov/ghgreporting/data-sets,https://www.epa.gov/system/files/other-files/2024-10/ghgp_data_parent_company.xlsb,EPA GHGRP 2023 Direct Point Emitters,2024-08-16,2026-07-30,20,28,10,10,10,78,19,High
NE-020,GHGRP-1000383,1000383,"BIOGEN INC - Cambridge, MA",BIOGEN INC,BIOGEN INC,100.0,Chemicals,325414,Cambridge,MA,02142,225 Binney Street,Middlesex County,42.36608,-71.08513,28268.192,Small Reporting Load,Plant Manager,Energy Procurement Manager,Role-based target; individual person not yet verified,Industrial High-Load,Sales Rep A - Massachusetts,Verified from EPA source,Role identified; person not yet verified,Energy-intensive industrial facility; prioritize operational and procurement stakeholders.,https://www.epa.gov/ghgreporting/data-sets,https://www.epa.gov/system/files/other-files/2024-10/ghgp_data_parent_company.xlsb,EPA GHGRP 2023 Direct Point Emitters,2024-08-16,2026-07-30,20,28,10,10,10,78,20,High
NE-021,GHGRP-1006902,1006902,"UMASS MEDICAL SCHOOL - Worcester, MA",UMASS MEDICAL SCHOOL,COMMONWEALTH OF MASSACHUSETTS,100.0,Other,611310,Worcester,MA,01655,55 LAKE AVE NORTH,Worcester County,42.27863,-71.759025,86068.908,Mid Reporting Load,Director of Facilities,Energy and Sustainability Manager,Role-based target; individual person not yet verified,Facilities and Institutions,Sales Rep A - Massachusetts,Verified from EPA source,Role identified; person not yet verified,General commercial or institutional facility; validate site portfolio and purchasing authority.,https://www.epa.gov/ghgreporting/data-sets,https://www.epa.gov/system/files/other-files/2024-10/ghgp_data_parent_company.xlsb,EPA GHGRP 2023 Direct Point Emitters,2024-08-16,2026-07-30,20,22,15,10,10,77,21,High
NE-022,GHGRP-1000656,1000656,"The President and Fellows of Harvard University (Cambridge Allston Blackstone) - Cambridge, MA",The President and Fellows of Harvard University (Cambridge Allston Blackstone),PRESIDENT & FELLOWS OF HARVARD COLLEGE,100.0,Other,611310,Cambridge,MA,02139,46 Blackstone Street,Middlesex,42.3636,-71.1161,79476.042,Mid Reporting Load,Director of Facilities,Energy and Sustainability Manager,Role-based target; individual person not yet verified,Facilities and Institutions,Sales Rep A - Massachusetts,Verified from EPA source,Role identified; person not yet verified,General commercial or institutional facility; validate site portfolio and purchasing authority.,https://www.epa.gov/ghgreporting/data-sets,https://www.epa.gov/system/files/other-files/2024-10/ghgp_data_parent_company.xlsb,EPA GHGRP 2023 Direct Point Emitters,2024-08-16,2026-07-30,20,22,15,10,10,77,22,High
NE-023,GHGRP-1001974,1001974,"Georgia-Pacific Gypsum - Newington, NH",Georgia-Pacific Gypsum,KOCH INDUSTRIES INC,100.0,Minerals,327420,Newington,NH,03801,170 Shattuck Way,Rockingham County,43.101421,-70.80188,68768.528282,Mid Reporting Load,Plant Manager,Director of Strategic Sourcing,Role-based target; individual person not yet verified,Industrial High-Load,Sales Rep C - Northern New England,Verified from EPA source,Role identified; person not yet verified,Industrial process-load prospect with potential power and natural-gas purchasing needs.,https://www.epa.gov/ghgreporting/data-sets,https://www.epa.gov/system/files/other-files/2024-10/ghgp_data_parent_company.xlsb,EPA GHGRP 2023 Direct Point Emitters,2024-08-16,2026-07-30,16,26,15,10,10,77,23,High
NE-024,GHGRP-1009982,1009982,"Analog Devices Inc - Willmington, MA",Analog Devices Inc,ANALOG DEVICES INC,100.0,Other,334413,Willmington,MA,01887,One Analog Way,Washington County,45.502117,-122.824922,60623.475335,Mid Reporting Load,Director of Facilities,Energy and Sustainability Manager,Role-based target; individual person not yet verified,Facilities and Institutions,Sales Rep A - Massachusetts,Verified from EPA source,Role identified; person not yet verified,General commercial or institutional facility; validate site portfolio and purchasing authority.,https://www.epa.gov/ghgreporting/data-sets,https://www.epa.gov/system/files/other-files/2024-10/ghgp_data_parent_company.xlsb,EPA GHGRP 2023 Direct Point Emitters,2024-08-16,2026-07-30,20,22,15,10,10,77,24,High
NE-025,GHGRP-1002299,1002299,"SOLUTIA INC - INDIAN ORCHARD PLANT - Springfield, MA",SOLUTIA INC - INDIAN ORCHARD PLANT,EASTMAN CHEMICAL CO,100.0,Other,326113,Springfield,MA,01151,730 WORCESTER STREET,Hampden County,42.154981,-72.526419,59347.076,Mid Reporting Load,Director of Facilities,Energy and Sustainability Manager,Role-based target; individual person not yet verified,Facilities and Institutions,Sales Rep A - Massachusetts,Verified from EPA source,Role identified; person not yet verified,General commercial or institutional facility; validate site portfolio and purchasing authority.,https://www.epa.gov/ghgreporting/data-sets,https://www.epa.gov/system/files/other-files/2024-10/ghgp_data_parent_company.xlsb,EPA GHGRP 2023 Direct Point Emitters,2024-08-16,2026-07-30,20,22,15,10,10,77,25,High
NE-026,GHGRP-1003037,1003037,"SAINT-GOBAIN ABRASIVES and SAINT-GOBAIN CERAMICS & PLASTICS, INC. - Worcester, MA","SAINT-GOBAIN ABRASIVES and SAINT-GOBAIN CERAMICS & PLASTICS, INC.",SAINT-GOBAIN CORP,100.0,Minerals,327910,Worcester,MA,01615,1 NEW BOND STREET,Worcester County,42.3048,-71.8015,43771.242,Small Reporting Load,Plant Manager,Director of Strategic Sourcing,Role-based target; individual person not yet verified,Industrial High-Load,Sales Rep A - Massachusetts,Verified from EPA source,Role identified; person not yet verified,Industrial process-load prospect with potential power and natural-gas purchasing needs.,https://www.epa.gov/ghgreporting/data-sets,https://www.epa.gov/system/files/other-files/2024-10/ghgp_data_parent_company.xlsb,EPA GHGRP 2023 Direct Point Emitters,2024-08-16,2026-07-30,20,26,10,10,10,76,26,High
NE-027,GHGRP-1002834,1002834,"Gorham Acquisition LLC - Gorham, NH",Gorham Acquisition LLC,GORHAM ACQUISITION LLC,100.0,Pulp and Paper,322120,Gorham,NH,03581,72 CASCADE FLATS,Coos County,44.443738,-71.187308,12626.952,Small Reporting Load,Energy Manager,Director of Procurement,Role-based target; individual person not yet verified,Industrial High-Load,Sales Rep C - Northern New England,Verified from EPA source,Role identified; person not yet verified,High-load manufacturing prospect with a clear energy-management and procurement use case.,https://www.epa.gov/ghgreporting/data-sets,https://www.epa.gov/system/files/other-files/2024-10/ghgp_data_parent_company.xlsb,EPA GHGRP 2023 Direct Point Emitters,2024-08-16,2026-07-30,16,30,10,10,10,76,27,High
NE-028,GHGRP-1007879,1007879,"WM of NH - TREE (Turnkey Landfill) - Gonic, NH",WM of NH - TREE (Turnkey Landfill),WASTE MANAGEMENT INC,100.0,Waste,562212,Gonic,NH,03839,90 Rochester Neck Road,Strafford County,43.273087,-70.990344,128922.32,Large Reporting Load,Director of Operations,Facilities Manager,Role-based target; individual person not yet verified,Waste and Environmental,Sales Rep C - Northern New England,Verified from EPA source,Role identified; person not yet verified,"Waste-sector facility; qualify electricity, natural-gas, and multi-site purchasing needs.",https://www.epa.gov/ghgreporting/data-sets,https://www.epa.gov/system/files/other-files/2024-10/ghgp_data_parent_company.xlsb,EPA GHGRP 2023 Direct Point Emitters,2024-08-16,2026-07-30,16,20,20,10,9,75,28,High
NE-029,GHGRP-1002744,1002744,"SOUTHEASTERN CT RESOURCE RECOVERY FACILITY - Preston, CT",SOUTHEASTERN CT RESOURCE RECOVERY FACILITY,COVANTA HOLDING CORP,100.0,Waste,562213,Preston,CT,06365,132 MILITARY HIGHWAY,New London County,41.475589,-72.068786,103872.84,Large Reporting Load,Director of Operations,Facilities Manager,Role-based target; individual person not yet verified,Waste and Environmental,Sales Rep B - Connecticut/Rhode Island,Verified from EPA source,Role identified; person not yet verified,"Waste-sector facility; qualify electricity, natural-gas, and multi-site purchasing needs.",https://www.epa.gov/ghgreporting/data-sets,https://www.epa.gov/system/files/other-files/2024-10/ghgp_data_parent_company.xlsb,EPA GHGRP 2023 Direct Point Emitters,2024-08-16,2026-07-30,16,20,20,10,9,75,29,High
NE-030,GHGRP-1003726,1003726,"GLOBALFOUNDRIES U.S. 2 LLC - Vermont Facility - Essex Junction, VT",GLOBALFOUNDRIES U.S. 2 LLC - Vermont Facility,GLOBALFOUNDRIES US INC,100.0,Other,334413,Essex Junction,VT,05452,1000 RIVER STREET - B966,Chittenden County,44.481839,-73.090501,142164.617172,Large Reporting Load,Director of Facilities,Energy and Sustainability Manager,Role-based target; individual person not yet verified,Facilities and Institutions,Sales Rep C - Northern New England,Verified from EPA source,Role identified; person not yet verified,General commercial or institutional facility; validate site portfolio and purchasing authority.,https://www.epa.gov/ghgreporting/data-sets,https://www.epa.gov/system/files/other-files/2024-10/ghgp_data_parent_company.xlsb,EPA GHGRP 2023 Direct Point Emitters,2024-08-16,2026-07-30,12,22,20,10,10,74,30,High
NE-031,GHGRP-1004800,1004800,"YALE UNIVERSITY - SCHOOL OF MEDICINE - New Haven, CT",YALE UNIVERSITY - SCHOOL OF MEDICINE,THE YALE CORP,100.0,Other,611310,New Haven,CT,06520,309 CONGRESS AVE,New Haven County,41.30291,-72.932742,98780.96,Mid Reporting Load,Director of Facilities,Energy and Sustainability Manager,Role-based target; individual person not yet verified,Facilities and Institutions,Sales Rep B - Connecticut/Rhode Island,Verified from EPA source,Role identified; person not yet verified,General commercial or institutional facility; validate site portfolio and purchasing authority.,https://www.epa.gov/ghgreporting/data-sets,https://www.epa.gov/system/files/other-files/2024-10/ghgp_data_parent_company.xlsb,EPA GHGRP 2023 Direct Point Emitters,2024-08-16,2026-07-30,16,22,15,10,10,73,31,Medium
NE-032,GHGRP-1000338,1000338,"TORAY PLASTICS (AMERICA), INC. - North Kingstown, RI","TORAY PLASTICS (AMERICA), INC.",TORAY INDUSTRIES AMERICA INC,100.0,Other,326112,North Kingstown,RI,02852,50 BELVER AVENUE,Washington County,41.592096,-71.427317,95863.888,Mid Reporting Load,Director of Facilities,Energy and Sustainability Manager,Role-based target; individual person not yet verified,Facilities and Institutions,Sales Rep B - Connecticut/Rhode Island,Verified from EPA source,Role identified; person not yet verified,General commercial or institutional facility; validate site portfolio and purchasing authority.,https://www.epa.gov/ghgreporting/data-sets,https://www.epa.gov/system/files/other-files/2024-10/ghgp_data_parent_company.xlsb,EPA GHGRP 2023 Direct Point Emitters,2024-08-16,2026-07-30,16,22,15,10,10,73,32,Medium
NE-033,GHGRP-1004835,1004835,"YALE UNIVERSITY CENTRAL POWER PLANT - New Haven, CT",YALE UNIVERSITY CENTRAL POWER PLANT,THE YALE CORP,100.0,Other,611310,New Haven,CT,06520,120 TOWER PARKWAY,New Haven County,41.313361,-72.979289,95583.674,Mid Reporting Load,Director of Facilities,Energy and Sustainability Manager,Role-based target; individual person not yet verified,Facilities and Institutions,Sales Rep B - Connecticut/Rhode Island,Verified from EPA source,Role identified; person not yet verified,General commercial or institutional facility; validate site portfolio and purchasing authority.,https://www.epa.gov/ghgreporting/data-sets,https://www.epa.gov/system/files/other-files/2024-10/ghgp_data_parent_company.xlsb,EPA GHGRP 2023 Direct Point Emitters,2024-08-16,2026-07-30,16,22,15,10,10,73,33,Medium
NE-034,GHGRP-1004266,1004266,"UNIVERSITY OF CONNECTICUT - Storrs Mansfield, CT",UNIVERSITY OF CONNECTICUT,STATE OF CONNECTICUT,100.0,Other,611310,Storrs Mansfield,CT,06269,"25 LEDOYT RD, U-3252",Tolland County,41.809771,-72.261402,95455.93,Mid Reporting Load,Director of Facilities,Energy and Sustainability Manager,Role-based target; individual person not yet verified,Facilities and Institutions,Sales Rep B - Connecticut/Rhode Island,Verified from EPA source,Role identified; person not yet verified,General commercial or institutional facility; validate site portfolio and purchasing authority.,https://www.epa.gov/ghgreporting/data-sets,https://www.epa.gov/system/files/other-files/2024-10/ghgp_data_parent_company.xlsb,EPA GHGRP 2023 Direct Point Emitters,2024-08-16,2026-07-30,16,22,15,10,10,73,34,Medium
NE-035,GHGRP-1006941,1006941,"Pfizer - Groton, CT",Pfizer,PFIZER INC,100.0,Other,541714,Groton,CT,06340,445 EASTERN POINT ROAD,New London,41.3319,-72.0792,88454.382,Mid Reporting Load,Director of Facilities,Energy and Sustainability Manager,Role-based target; individual person not yet verified,Facilities and Institutions,Sales Rep B - Connecticut/Rhode Island,Verified from EPA source,Role identified; person not yet verified,General commercial or institutional facility; validate site portfolio and purchasing authority.,https://www.epa.gov/ghgreporting/data-sets,https://www.epa.gov/system/files/other-files/2024-10/ghgp_data_parent_company.xlsb,EPA GHGRP 2023 Direct Point Emitters,2024-08-16,2026-07-30,16,22,15,10,10,73,35,Medium
NE-036,GHGRP-1002437,1002437,"SIKORSKY AIRCRAFT HEADQUARTERS - Stratford, CT",SIKORSKY AIRCRAFT HEADQUARTERS,LOCKHEED MARTIN CORP,100.0,Other,336411,Stratford,CT,06615,6900 MAIN ST.,Fairfield County,41.249297,-73.089897,52376.45,Mid Reporting Load,Director of Facilities,Energy and Sustainability Manager,Role-based target; individual person not yet verified,Facilities and Institutions,Sales Rep B - Connecticut/Rhode Island,Verified from EPA source,Role identified; person not yet verified,General commercial or institutional facility; validate site portfolio and purchasing authority.,https://www.epa.gov/ghgreporting/data-sets,https://www.epa.gov/system/files/other-files/2024-10/ghgp_data_parent_company.xlsb,EPA GHGRP 2023 Direct Point Emitters,2024-08-16,2026-07-30,16,22,15,10,10,73,36,Medium
NE-037,GHGRP-1002274,1002274,"Boston University - Boston, MA",Boston University,TRUSTEES OF BOSTON UNIVERSITY,100.0,Other,611310,Boston,MA,02134,120 Ashford Street,Suffolk County,42.35395,-71.12204,49083.294,Small Reporting Load,Director of Facilities,Energy and Sustainability Manager,Role-based target; individual person not yet verified,Facilities and Institutions,Sales Rep A - Massachusetts,Verified from EPA source,Role identified; person not yet verified,General commercial or institutional facility; validate site portfolio and purchasing authority.,https://www.epa.gov/ghgreporting/data-sets,https://www.epa.gov/system/files/other-files/2024-10/ghgp_data_parent_company.xlsb,EPA GHGRP 2023 Direct Point Emitters,2024-08-16,2026-07-30,20,22,10,10,10,72,37,Medium
NE-038,GHGRP-1002497,1002497,"GILLETTE CO - Boston, MA",GILLETTE CO,THE PROCTER & GAMBLE CO,100.0,Other,332215,Boston,MA,02127,1 GILLETTE PARK,Suffolk County,42.34512,-71.05441,44354.832,Small Reporting Load,Director of Facilities,Energy and Sustainability Manager,Role-based target; individual person not yet verified,Facilities and Institutions,Sales Rep A - Massachusetts,Verified from EPA source,Role identified; person not yet verified,General commercial or institutional facility; validate site portfolio and purchasing authority.,https://www.epa.gov/ghgreporting/data-sets,https://www.epa.gov/system/files/other-files/2024-10/ghgp_data_parent_company.xlsb,EPA GHGRP 2023 Direct Point Emitters,2024-08-16,2026-07-30,20,22,10,10,10,72,38,Medium
NE-039,GHGRP-1000593,1000593,"JGT2 Mill - Jay, ME",JGT2 Mill,PIXELLE SPECIALTY SOLUTIONS LLC,100.0,"Pulp and Paper,Waste",322120,Jay,ME,04239,300 RILEY RD,Franklin County,44.506335,-70.238607,43345.456,Small Reporting Load,Energy Manager,Director of Procurement,Role-based target; individual person not yet verified,Industrial High-Load,Sales Rep C - Northern New England,Verified from EPA source,Role identified; person not yet verified,High-load manufacturing and waste operation; prioritize energy and procurement stakeholders.,https://www.epa.gov/ghgreporting/data-sets,https://www.epa.gov/system/files/other-files/2024-10/ghgp_data_parent_company.xlsb,EPA GHGRP 2023 Direct Point Emitters,2024-08-16,2026-07-30,12,30,10,10,10,72,39,Medium
NE-040,GHGRP-1003759,1003759,"Analog Devices, Inc./ Wilmington Manufacturing - Wilmington, MA","Analog Devices, Inc./ Wilmington Manufacturing",ANALOG DEVICES INC,100.0,Other,334413,Wilmington,MA,01887,"1 Analog Way, MS-424",Middlesex County,42.5307,-71.14958,38727.189394,Small Reporting Load,Director of Facilities,Energy and Sustainability Manager,Role-based target; individual person not yet verified,Facilities and Institutions,Sales Rep A - Massachusetts,Verified from EPA source,Role identified; person not yet verified,General commercial or institutional facility; validate site portfolio and purchasing authority.,https://www.epa.gov/ghgreporting/data-sets,https://www.epa.gov/system/files/other-files/2024-10/ghgp_data_parent_company.xlsb,EPA GHGRP 2023 Direct Point Emitters,2024-08-16,2026-07-30,20,22,10,10,10,72,40,Medium
NE-041,GHGRP-1002717,1002717,"Gold Bond - POR Plant - Portsmouth, NH",Gold Bond - POR Plant,SPANGLER COMPANIES INC,100.0,Minerals,327420,Portsmouth,NH,03801,9 MICHAEL J SUCCI DR,Rockingham County,43.087032,-70.768551,34826.068,Small Reporting Load,Plant Manager,Director of Strategic Sourcing,Role-based target; individual person not yet verified,Industrial High-Load,Sales Rep C - Northern New England,Verified from EPA source,Role identified; person not yet verified,Industrial process-load prospect with potential power and natural-gas purchasing needs.,https://www.epa.gov/ghgreporting/data-sets,https://www.epa.gov/system/files/other-files/2024-10/ghgp_data_parent_company.xlsb,EPA GHGRP 2023 Direct Point Emitters,2024-08-16,2026-07-30,16,26,10,10,10,72,41,Medium
NE-042,GHGRP-1006872,1006872,"U S AIR FORCE HANSCOM AFB - Hanscom Afb, MA",U S AIR FORCE HANSCOM AFB,US GOVERNMENT,0.0,Other,928110,Hanscom Afb,MA,01731,"66 ABG/CE, 120 Grenier Street",Middlesex County,42.46528,-71.27642,34054.114,Small Reporting Load,Director of Facilities,Energy and Sustainability Manager,Role-based target; individual person not yet verified,Facilities and Institutions,Sales Rep A - Massachusetts,Verified from EPA source,Role identified; person not yet verified,General commercial or institutional facility; validate site portfolio and purchasing authority.,https://www.epa.gov/ghgreporting/data-sets,https://www.epa.gov/system/files/other-files/2024-10/ghgp_data_parent_company.xlsb,EPA GHGRP 2023 Direct Point Emitters,2024-08-16,2026-07-30,20,22,10,10,10,72,42,Medium
NE-043,GHGRP-1006423,1006423,"WestRock Converting LLC - Missisquoi Mill - Sheldon Springs, VT",WestRock Converting LLC - Missisquoi Mill,WESTROCK CO,100.0,Pulp and Paper,322130,Sheldon Springs,VT,05485,369 MILL STREET,Franklin County,44.909945,-72.976094,31830.426,Small Reporting Load,Energy Manager,Director of Procurement,Role-based target; individual person not yet verified,Industrial High-Load,Sales Rep C - Northern New England,Verified from EPA source,Role identified; person not yet verified,High-load manufacturing prospect with a clear energy-management and procurement use case.,https://www.epa.gov/ghgreporting/data-sets,https://www.epa.gov/system/files/other-files/2024-10/ghgp_data_parent_company.xlsb,EPA GHGRP 2023 Direct Point Emitters,2024-08-16,2026-07-30,12,30,10,10,10,72,43,Medium
NE-044,GHGRP-1005277,1005277,"NORTHEASTERN UNIVERSITY - Boston, MA",NORTHEASTERN UNIVERSITY,NORTHEASTERN UNIVERSITY,100.0,Other,611310,Boston,MA,02115,360 HUNTINGTON AVENUE,Suffolk County,42.339873,-71.088808,27778.844,Small Reporting Load,Director of Facilities,Energy and Sustainability Manager,Role-based target; individual person not yet verified,Facilities and Institutions,Sales Rep A - Massachusetts,Verified from EPA source,Role identified; person not yet verified,General commercial or institutional facility; validate site portfolio and purchasing authority.,https://www.epa.gov/ghgreporting/data-sets,https://www.epa.gov/system/files/other-files/2024-10/ghgp_data_parent_company.xlsb,EPA GHGRP 2023 Direct Point Emitters,2024-08-16,2026-07-30,20,22,10,10,10,72,44,Medium
NE-045,GHGRP-1001200,1001200,"General Electric Aviation - Lynn, MA",General Electric Aviation,GENERAL ELECTRIC CO,100.0,Other,336412,Lynn,MA,01910,1000 WESTERN AVE,Essex,42.45,-70.9739,27000.67,Small Reporting Load,Director of Facilities,Energy and Sustainability Manager,Role-based target; individual person not yet verified,Facilities and Institutions,Sales Rep A - Massachusetts,Verified from EPA source,Role identified; person not yet verified,General commercial or institutional facility; validate site portfolio and purchasing authority.,https://www.epa.gov/ghgreporting/data-sets,https://www.epa.gov/system/files/other-files/2024-10/ghgp_data_parent_company.xlsb,EPA GHGRP 2023 Direct Point Emitters,2024-08-16,2026-07-30,20,22,10,10,10,72,45,Medium
NE-046,GHGRP-1009735,1009735,"Skyworks Solutions, Inc. - Woburn, MA","Skyworks Solutions, Inc.",SKYWORKS SOLUTIONS INC,100.0,Other,334413,Woburn,MA,01801,20 Sylvan Road,Middlesex County,42.49891,-71.16311,24116.71997,Small Reporting Load,Director of Facilities,Energy and Sustainability Manager,Role-based target; individual person not yet verified,Facilities and Institutions,Sales Rep A - Massachusetts,Verified from EPA source,Role identified; person not yet verified,General commercial or institutional facility; validate site portfolio and purchasing authority.,https://www.epa.gov/ghgreporting/data-sets,https://www.epa.gov/system/files/other-files/2024-10/ghgp_data_parent_company.xlsb,EPA GHGRP 2023 Direct Point Emitters,2024-08-16,2026-07-30,20,22,10,10,10,72,46,Medium
NE-047,GHGRP-1011427,1011427,"Huhtamaki, Inc. - Waterville, ME","Huhtamaki, Inc.",HUHTAMAKI AMERICAS INC,100.0,Pulp and Paper,322299,Waterville,ME,04093,242 College Avenue,Kennebec County,44.57774,-69.6098,22467.162,Small Reporting Load,Energy Manager,Director of Procurement,Role-based target; individual person not yet verified,Industrial High-Load,Sales Rep C - Northern New England,Verified from EPA source,Role identified; person not yet verified,High-load manufacturing prospect with a clear energy-management and procurement use case.,https://www.epa.gov/ghgreporting/data-sets,https://www.epa.gov/system/files/other-files/2024-10/ghgp_data_parent_company.xlsb,EPA GHGRP 2023 Direct Point Emitters,2024-08-16,2026-07-30,12,30,10,10,10,72,47,Medium
NE-048,GHGRP-1004817,1004817,"Wyman-Gordon Company - North Grafton, MA",Wyman-Gordon Company,BERKSHIRE HATHAWAY INC,100.0,Other,332111,North Grafton,MA,01536,244 Worcester Street,Worcester County,42.22855,-71.72386,22167.616,Small Reporting Load,Director of Facilities,Energy and Sustainability Manager,Role-based target; individual person not yet verified,Facilities and Institutions,Sales Rep A - Massachusetts,Verified from EPA source,Role identified; person not yet verified,General commercial or institutional facility; validate site portfolio and purchasing authority.,https://www.epa.gov/ghgreporting/data-sets,https://www.epa.gov/system/files/other-files/2024-10/ghgp_data_parent_company.xlsb,EPA GHGRP 2023 Direct Point Emitters,2024-08-16,2026-07-30,20,22,10,10,10,72,48,Medium
NE-049,GHGRP-1006452,1006452,"MASSPORT LOGAN AIRPORT - East Boston, MA",MASSPORT LOGAN AIRPORT,MASSACHUSETTS PORT AUTHORITY,100.0,Other,488190,East Boston,MA,02128,ONE HARBORSIDE DRIVE,Suffolk County,42.369543,-71.020061,19750.176,Small Reporting Load,Director of Facilities,Energy and Sustainability Manager,Role-based target; individual person not yet verified,Facilities and Institutions,Sales Rep A - Massachusetts,Verified from EPA source,Role identified; person not yet verified,General commercial or institutional facility; validate site portfolio and purchasing authority.,https://www.epa.gov/ghgreporting/data-sets,https://www.epa.gov/system/files/other-files/2024-10/ghgp_data_parent_company.xlsb,EPA GHGRP 2023 Direct Point Emitters,2024-08-16,2026-07-30,20,22,10,10,10,72,49,Medium
NE-050,GHGRP-1007069,1007069,"ND OTM LLC - Old Town, ME",ND OTM LLC,ND PAPER LLC,100.0,Pulp and Paper,322110,Old Town,ME,04468,24 PORTLAND STREET,Penobscot County,44.917362,-68.636511,17886.03,Small Reporting Load,Energy Manager,Director of Procurement,Role-based target; individual person not yet verified,Industrial High-Load,Sales Rep C - Northern New England,Verified from EPA source,Role identified; person not yet verified,High-load manufacturing prospect with a clear energy-management and procurement use case.,https://www.epa.gov/ghgreporting/data-sets,https://www.epa.gov/system/files/other-files/2024-10/ghgp_data_parent_company.xlsb,EPA GHGRP 2023 Direct Point Emitters,2024-08-16,2026-07-30,12,30,10,10,10,72,50,Medium
NE-051,GHGRP-1005123,1005123,"S D WARREN CO - Westbrook, ME",S D WARREN CO,SAPPI NORTH AMERICA INC,100.0,Pulp and Paper,322220,Westbrook,ME,04092,89 CUMBERLAND STREET,Cumberland County,43.686198,-70.347403,13352.0,Small Reporting Load,Energy Manager,Director of Procurement,Role-based target; individual person not yet verified,Industrial High-Load,Sales Rep C - Northern New England,Verified from EPA source,Role identified; person not yet verified,High-load manufacturing prospect with a clear energy-management and procurement use case.,https://www.epa.gov/ghgreporting/data-sets,https://www.epa.gov/system/files/other-files/2024-10/ghgp_data_parent_company.xlsb,EPA GHGRP 2023 Direct Point Emitters,2024-08-16,2026-07-30,12,30,10,10,10,72,51,Medium
NE-052,GHGRP-1005172,1005172,"COVANTA BRISTOL, INC - Bristol, CT","COVANTA BRISTOL, INC",COVANTA HOLDING CORP,100.0,Waste,562213,Bristol,CT,06010,170 ENTERPRISE DRIVE,Hartford County,41.64972,-72.90976,85035.586,Mid Reporting Load,Director of Operations,Facilities Manager,Role-based target; individual person not yet verified,Waste and Environmental,Sales Rep B - Connecticut/Rhode Island,Verified from EPA source,Role identified; person not yet verified,"Waste-sector facility; qualify electricity, natural-gas, and multi-site purchasing needs.",https://www.epa.gov/ghgreporting/data-sets,https://www.epa.gov/system/files/other-files/2024-10/ghgp_data_parent_company.xlsb,EPA GHGRP 2023 Direct Point Emitters,2024-08-16,2026-07-30,16,20,15,10,9,70,52,Medium
NE-053,GHGRP-1004184,1004184,"MANCHESTER LANDFILL - Manchester, CT",MANCHESTER LANDFILL,TOWN OF MANCHESTER CONNECTICUT,100.0,Waste,562212,Manchester,CT,06040,1 LANDFILL WAY,Hartford County,41.7738,-72.5647,80879.898,Mid Reporting Load,Director of Operations,Facilities Manager,Role-based target; individual person not yet verified,Waste and Environmental,Sales Rep B - Connecticut/Rhode Island,Verified from EPA source,Role identified; person not yet verified,"Waste-sector facility; qualify electricity, natural-gas, and multi-site purchasing needs.",https://www.epa.gov/ghgreporting/data-sets,https://www.epa.gov/system/files/other-files/2024-10/ghgp_data_parent_company.xlsb,EPA GHGRP 2023 Direct Point Emitters,2024-08-16,2026-07-30,16,20,15,10,9,70,53,Medium
NE-054,GHGRP-1004540,1004540,"Wheelabrator Lisbon Inc. - Lisbon, CT",Wheelabrator Lisbon Inc.,WHEELABRATOR TECHNOLOGIES HOLDINGS INC,100.0,Waste,562213,Lisbon,CT,06351,425 SOUTH BURNHAM HIGHWAY,New London County,41.569537,-72.04481,75615.104,Mid Reporting Load,Director of Operations,Facilities Manager,Role-based target; individual person not yet verified,Waste and Environmental,Sales Rep B - Connecticut/Rhode Island,Verified from EPA source,Role identified; person not yet verified,"Waste-sector facility; qualify electricity, natural-gas, and multi-site purchasing needs.",https://www.epa.gov/ghgreporting/data-sets,https://www.epa.gov/system/files/other-files/2024-10/ghgp_data_parent_company.xlsb,EPA GHGRP 2023 Direct Point Emitters,2024-08-16,2026-07-30,16,20,15,10,9,70,54,Medium
NE-055,GHGRP-1005255,1005255,"NORTH COUNTRY ENVIRONMENTAL SERVICES INC - Bethlehem, NH",NORTH COUNTRY ENVIRONMENTAL SERVICES INC,CASELLA WASTE SYSTEMS INC,100.0,Waste,562212,Bethlehem,NH,03574,581 TRUDEAU ROAD,Grafton County,44.261426,-71.62739,72501.45,Mid Reporting Load,Director of Operations,Facilities Manager,Role-based target; individual person not yet verified,Waste and Environmental,Sales Rep C - Northern New England,Verified from EPA source,Role identified; person not yet verified,"Waste-sector facility; qualify electricity, natural-gas, and multi-site purchasing needs.",https://www.epa.gov/ghgreporting/data-sets,https://www.epa.gov/system/files/other-files/2024-10/ghgp_data_parent_company.xlsb,EPA GHGRP 2023 Direct Point Emitters,2024-08-16,2026-07-30,16,20,15,10,9,70,55,Medium
NE-056,GHGRP-1006369,1006369,"WHEELABRATOR CONCORD COMPANY LP - Concord (Penacook), NH",WHEELABRATOR CONCORD COMPANY LP,WHEELABRATOR TECHNOLOGIES HOLDINGS INC,100.0,Waste,562213,Concord (Penacook),NH,03303,11 WHITNEY ROAD,Merrimack County,43.2868,-71.5761,70061.384,Mid Reporting Load,Director of Operations,Facilities Manager,Role-based target; individual person not yet verified,Waste and Environmental,Sales Rep C - Northern New England,Verified from EPA source,Role identified; person not yet verified,"Waste-sector facility; qualify electricity, natural-gas, and multi-site purchasing needs.",https://www.epa.gov/ghgreporting/data-sets,https://www.epa.gov/system/files/other-files/2024-10/ghgp_data_parent_company.xlsb,EPA GHGRP 2023 Direct Point Emitters,2024-08-16,2026-07-30,16,20,15,10,9,70,56,Medium
NE-057,GHGRP-1004698,1004698,"PORTSMOUTH NAVAL SHIPYARD - Kittery, ME",PORTSMOUTH NAVAL SHIPYARD,US GOVERNMENT,0.0,Other,928110,Kittery,ME,03904,"Code 106.3, Building 44/2, SEAVEY ISLAND",York County,43.115663,-70.728742,72230.726,Mid Reporting Load,Director of Facilities,Energy and Sustainability Manager,Role-based target; individual person not yet verified,Facilities and Institutions,Sales Rep C - Northern New England,Verified from EPA source,Role identified; person not yet verified,General commercial or institutional facility; validate site portfolio and purchasing authority.,https://www.epa.gov/ghgreporting/data-sets,https://www.epa.gov/system/files/other-files/2024-10/ghgp_data_parent_company.xlsb,EPA GHGRP 2023 Direct Point Emitters,2024-08-16,2026-07-30,12,22,15,10,10,69,57,Medium
NE-058,GHGRP-1010208,1010208,"Texas Instruments Incorporated - Maine Fab - South Portland, ME",Texas Instruments Incorporated - Maine Fab,TEXAS INSTRUMENTS INC,100.0,Other,334413,South Portland,ME,04106,5 Foden Road,Cumberland County,43.64075,-70.32198,69821.836662,Mid Reporting Load,Director of Facilities,Energy and Sustainability Manager,Role-based target; individual person not yet verified,Facilities and Institutions,Sales Rep C - Northern New England,Verified from EPA source,Role identified; person not yet verified,General commercial or institutional facility; validate site portfolio and purchasing authority.,https://www.epa.gov/ghgreporting/data-sets,https://www.epa.gov/system/files/other-files/2024-10/ghgp_data_parent_company.xlsb,EPA GHGRP 2023 Direct Point Emitters,2024-08-16,2026-07-30,12,22,15,10,10,69,58,Medium
NE-059,GHGRP-1005213,1005213,"HAVERHILL LANDFILL - Haverhill, MA",HAVERHILL LANDFILL,COVANTA HOLDING CORP,100.0,Waste,562212,Haverhill,MA,01835,100 RECOVERY WAY,Essex County,42.7654,-71.124025,47774.75,Small Reporting Load,Director of Operations,Facilities Manager,Role-based target; individual person not yet verified,Waste and Environmental,Sales Rep A - Massachusetts,Verified from EPA source,Role identified; person not yet verified,"Waste-sector facility; qualify electricity, natural-gas, and multi-site purchasing needs.",https://www.epa.gov/ghgreporting/data-sets,https://www.epa.gov/system/files/other-files/2024-10/ghgp_data_parent_company.xlsb,EPA GHGRP 2023 Direct Point Emitters,2024-08-16,2026-07-30,20,20,10,10,9,69,59,Medium
NE-060,GHGRP-1005715,1005715,"Carver-Marion-Wareham Landfill - Carver, MA",Carver-Marion-Wareham Landfill,COVANTA HOLDING CORP,100.0,Waste,562212,Carver,MA,02330,118 Federal Road,Plymouth County,41.812778,-70.719444,39734.65,Small Reporting Load,Director of Operations,Facilities Manager,Role-based target; individual person not yet verified,Waste and Environmental,Sales Rep A - Massachusetts,Verified from EPA source,Role identified; person not yet verified,"Waste-sector facility; qualify electricity, natural-gas, and multi-site purchasing needs.",https://www.epa.gov/ghgreporting/data-sets,https://www.epa.gov/system/files/other-files/2024-10/ghgp_data_parent_company.xlsb,EPA GHGRP 2023 Direct Point Emitters,2024-08-16,2026-07-30,20,20,10,10,9,69,60,Medium
NE-061,GHGRP-1007753,1007753,"FITCHBURG WESTMINSTER LANDFILL RECYCLING CENTER - Westminster, MA",FITCHBURG WESTMINSTER LANDFILL RECYCLING CENTER,WASTE MANAGEMENT INC,100.0,Waste,562212,Westminster,MA,01473,101 FITCHBURG RD,Worcester County,42.533852,-71.845589,30720.402,Small Reporting Load,Director of Operations,Facilities Manager,Role-based target; individual person not yet verified,Waste and Environmental,Sales Rep A - Massachusetts,Verified from EPA source,Role identified; person not yet verified,"Waste-sector facility; qualify electricity, natural-gas, and multi-site purchasing needs.",https://www.epa.gov/ghgreporting/data-sets,https://www.epa.gov/system/files/other-files/2024-10/ghgp_data_parent_company.xlsb,EPA GHGRP 2023 Direct Point Emitters,2024-08-16,2026-07-30,20,20,10,10,9,69,61,Medium
NE-062,GHGRP-1002593,1002593,"NORTHAMPTON LANDFILL - Northampton, MA",NORTHAMPTON LANDFILL,CITY OF NORTHAMPTON MASSACHUSETTS,100.0,Waste,562212,Northampton,MA,01060,170 GLENDALE RD,Hampshire County,42.29416,-72.71669,10523.0,Small Reporting Load,Director of Operations,Facilities Manager,Role-based target; individual person not yet verified,Waste and Environmental,Sales Rep A - Massachusetts,Verified from EPA source,Role identified; person not yet verified,"Waste-sector facility; qualify electricity, natural-gas, and multi-site purchasing needs.",https://www.epa.gov/ghgreporting/data-sets,https://www.epa.gov/system/files/other-files/2024-10/ghgp_data_parent_company.xlsb,EPA GHGRP 2023 Direct Point Emitters,2024-08-16,2026-07-30,20,20,10,10,9,69,62,Medium
NE-063,GHGRP-1007669,1007669,"CHICOPEE SANITARY LANDFILL - Chicopee, MA",CHICOPEE SANITARY LANDFILL,WASTE MANAGEMENT INC,100.0,Waste,562212,Chicopee,MA,01020,161 NEW LOMBARD ROAD,Hampden County,42.16711,-72.54246,5416.598,Small Reporting Load,Director of Operations,Facilities Manager,Role-based target; individual person not yet verified,Waste and Environmental,Sales Rep A - Massachusetts,Verified from EPA source,Role identified; person not yet verified,"Waste-sector facility; qualify electricity, natural-gas, and multi-site purchasing needs.",https://www.epa.gov/ghgreporting/data-sets,https://www.epa.gov/system/files/other-files/2024-10/ghgp_data_parent_company.xlsb,EPA GHGRP 2023 Direct Point Emitters,2024-08-16,2026-07-30,20,20,10,10,9,69,63,Medium
NE-064,GHGRP-1005254,1005254,"SOUTHBRIDGE RECYCLING & DISPOSAL PARK - Southbridge, MA",SOUTHBRIDGE RECYCLING & DISPOSAL PARK,CASELLA WASTE SYSTEMS INC,100.0,Waste,562212,Southbridge,MA,01550,165 BAREFOOT RD,Worcester County,42.10516,-72.03195,4475.652,Small Reporting Load,Director of Operations,Facilities Manager,Role-based target; individual person not yet verified,Waste and Environmental,Sales Rep A - Massachusetts,Verified from EPA source,Role identified; person not yet verified,"Waste-sector facility; qualify electricity, natural-gas, and multi-site purchasing needs.",https://www.epa.gov/ghgreporting/data-sets,https://www.epa.gov/system/files/other-files/2024-10/ghgp_data_parent_company.xlsb,EPA GHGRP 2023 Direct Point Emitters,2024-08-16,2026-07-30,20,20,10,10,9,69,64,Medium
NE-065,GHGRP-1010391,1010391,"Middleborough Landfill - Middleborough, MA",Middleborough Landfill,WASTE MANAGEMENT INC,100.0,Waste,562212,Middleborough,MA,02346,207 Plympton Street,Plymouth County,41.92843,-70.83454,3750.75,Small Reporting Load,Director of Operations,Facilities Manager,Role-based target; individual person not yet verified,Waste and Environmental,Sales Rep A - Massachusetts,Verified from EPA source,Role identified; person not yet verified,"Waste-sector facility; qualify electricity, natural-gas, and multi-site purchasing needs.",https://www.epa.gov/ghgreporting/data-sets,https://www.epa.gov/system/files/other-files/2024-10/ghgp_data_parent_company.xlsb,EPA GHGRP 2023 Direct Point Emitters,2024-08-16,2026-07-30,20,20,10,10,9,69,65,Medium
NE-066,GHGRP-1003587,1003587,"MARTONE LANDFILL & GAS GENERATING FACILITY - Barre, MA",MARTONE LANDFILL & GAS GENERATING FACILITY,WASTE MANAGEMENT INC,100.0,Waste,562212,Barre,MA,01005,99 BARRE DEPOT RD,Worcester County,42.3874,-72.07949,2756.25,Small Reporting Load,Director of Operations,Facilities Manager,Role-based target; individual person not yet verified,Waste and Environmental,Sales Rep A - Massachusetts,Verified from EPA source,Role identified; person not yet verified,"Waste-sector facility; qualify electricity, natural-gas, and multi-site purchasing needs.",https://www.epa.gov/ghgreporting/data-sets,https://www.epa.gov/system/files/other-files/2024-10/ghgp_data_parent_company.xlsb,EPA GHGRP 2023 Direct Point Emitters,2024-08-16,2026-07-30,20,20,10,10,9,69,66,Medium
NE-067,GHGRP-1003532,1003532,"TAUNTON SANITARY LANDFILL - Taunton, MA",TAUNTON SANITARY LANDFILL,WASTE MANAGEMENT INC,100.0,Waste,562212,Taunton,MA,02780,330 EAST BRITANNIA ST,Bristol County,41.92299,-71.086477,1909.5,Small Reporting Load,Director of Operations,Facilities Manager,Role-based target; individual person not yet verified,Waste and Environmental,Sales Rep A - Massachusetts,Verified from EPA source,Role identified; person not yet verified,"Waste-sector facility; qualify electricity, natural-gas, and multi-site purchasing needs.",https://www.epa.gov/ghgreporting/data-sets,https://www.epa.gov/system/files/other-files/2024-10/ghgp_data_parent_company.xlsb,EPA GHGRP 2023 Direct Point Emitters,2024-08-16,2026-07-30,20,20,10,10,9,69,67,Medium
NE-068,GHGRP-1004557,1004557,"PLAINVILLE LANDFILL - Plainville, MA",PLAINVILLE LANDFILL,REPUBLIC SERVICES INC,100.0,Waste,562212,Plainville,MA,02762,14 BELCHER STREET,Norfolk County,42.039162,-71.29993,1660.55,Small Reporting Load,Director of Operations,Facilities Manager,Role-based target; individual person not yet verified,Waste and Environmental,Sales Rep A - Massachusetts,Verified from EPA source,Role identified; person not yet verified,"Waste-sector facility; qualify electricity, natural-gas, and multi-site purchasing needs.",https://www.epa.gov/ghgreporting/data-sets,https://www.epa.gov/system/files/other-files/2024-10/ghgp_data_parent_company.xlsb,EPA GHGRP 2023 Direct Point Emitters,2024-08-16,2026-07-30,20,20,10,10,9,69,68,Medium
NE-069,GHGRP-1007685,1007685,"GRANBY SANITARY LANDFILL - Granby, MA",GRANBY SANITARY LANDFILL,WASTE MANAGEMENT INC,100.0,Waste,562212,Granby,MA,01033,11 NEW LUDLOW ROAD,Hampshire County,42.22128,-72.54598,1137.75,Small Reporting Load,Director of Operations,Facilities Manager,Role-based target; individual person not yet verified,Waste and Environmental,Sales Rep A - Massachusetts,Verified from EPA source,Role identified; person not yet verified,"Waste-sector facility; qualify electricity, natural-gas, and multi-site purchasing needs.",https://www.epa.gov/ghgreporting/data-sets,https://www.epa.gov/system/files/other-files/2024-10/ghgp_data_parent_company.xlsb,EPA GHGRP 2023 Direct Point Emitters,2024-08-16,2026-07-30,20,20,10,10,9,69,69,Medium
NE-070,GHGRP-1007550,1007550,"HALIFAX LANDFILL - Halifax, MA",HALIFAX LANDFILL,REPUBLIC SERVICES INC,100.0,Waste,562212,Halifax,MA,02338,27 LAUREL STREET,Plymouth County,41.9923,-70.89789,865.5,Small Reporting Load,Director of Operations,Facilities Manager,Role-based target; individual person not yet verified,Waste and Environmental,Sales Rep A - Massachusetts,Verified from EPA source,Role identified; person not yet verified,"Waste-sector facility; qualify electricity, natural-gas, and multi-site purchasing needs.",https://www.epa.gov/ghgreporting/data-sets,https://www.epa.gov/system/files/other-files/2024-10/ghgp_data_parent_company.xlsb,EPA GHGRP 2023 Direct Point Emitters,2024-08-16,2026-07-30,20,20,10,10,9,69,70,Medium
NE-071,GHGRP-1005587,1005587,"R I HOSPITAL - Providence, RI",R I HOSPITAL,LIFESPAN CORP,100.0,Other,622110,Providence,RI,02903,593 EDDY ST.,Providence County,41.81167,-71.40709,48576.556,Small Reporting Load,Director of Facilities,Energy and Sustainability Manager,Role-based target; individual person not yet verified,Facilities and Institutions,Sales Rep B - Connecticut/Rhode Island,Verified from EPA source,Role identified; person not yet verified,General commercial or institutional facility; validate site portfolio and purchasing authority.,https://www.epa.gov/ghgreporting/data-sets,https://www.epa.gov/system/files/other-files/2024-10/ghgp_data_parent_company.xlsb,EPA GHGRP 2023 Direct Point Emitters,2024-08-16,2026-07-30,16,22,10,10,10,68,71,Medium
NE-072,GHGRP-1005264,1005264,"DARTMOUTH COLLEGE HEATING PLANT - Hanover, NH",DARTMOUTH COLLEGE HEATING PLANT,TRUSTEES OF DARTMOUTH COLLEGE,100.0,Other,611310,Hanover,NH,03755,MCKENZIE HALL 6111,Grafton County,43.9358,-71.8224,41362.49,Small Reporting Load,Director of Facilities,Energy and Sustainability Manager,Role-based target; individual person not yet verified,Facilities and Institutions,Sales Rep C - Northern New England,Verified from EPA source,Role identified; person not yet verified,General commercial or institutional facility; validate site portfolio and purchasing authority.,https://www.epa.gov/ghgreporting/data-sets,https://www.epa.gov/system/files/other-files/2024-10/ghgp_data_parent_company.xlsb,EPA GHGRP 2023 Direct Point Emitters,2024-08-16,2026-07-30,16,22,10,10,10,68,72,Medium
NE-073,GHGRP-1004983,1004983,"FRITO-LAY - Killingly (Dayville), CT",FRITO-LAY,PEPSICO INC,100.0,Other,311919,Killingly (Dayville),CT,06241,1886 UPPER MAPLE ST,Windham County,41.86392,-71.89399,40904.896,Small Reporting Load,Director of Facilities,Energy and Sustainability Manager,Role-based target; individual person not yet verified,Facilities and Institutions,Sales Rep B - Connecticut/Rhode Island,Verified from EPA source,Role identified; person not yet verified,General commercial or institutional facility; validate site portfolio and purchasing authority.,https://www.epa.gov/ghgreporting/data-sets,https://www.epa.gov/system/files/other-files/2024-10/ghgp_data_parent_company.xlsb,EPA GHGRP 2023 Direct Point Emitters,2024-08-16,2026-07-30,16,22,10,10,10,68,73,Medium
NE-074,GHGRP-1002311,1002311,"Naval Submarine Base New London - Groton, CT",Naval Submarine Base New London,US GOVERNMENT,0.0,Other,928110,Groton,CT,06349,,New London County,41.398517,-72.087231,33690.214,Small Reporting Load,Director of Facilities,Energy and Sustainability Manager,Role-based target; individual person not yet verified,Facilities and Institutions,Sales Rep B - Connecticut/Rhode Island,Verified from EPA source,Role identified; person not yet verified,General commercial or institutional facility; validate site portfolio and purchasing authority.,https://www.epa.gov/ghgreporting/data-sets,https://www.epa.gov/system/files/other-files/2024-10/ghgp_data_parent_company.xlsb,EPA GHGRP 2023 Direct Point Emitters,2024-08-16,2026-07-30,16,22,10,10,10,68,74,Medium
NE-075,GHGRP-1004295,1004295,"PRATT & WHITNEY MIDDLETOWN - Middletown, CT",PRATT & WHITNEY MIDDLETOWN,RTX CORP,100.0,Other,336412,Middletown,CT,06457,1 AIRCRAFT ROAD,Middlesex County,41.536812,-72.561543,31813.526,Small Reporting Load,Director of Facilities,Energy and Sustainability Manager,Role-based target; individual person not yet verified,Facilities and Institutions,Sales Rep B - Connecticut/Rhode Island,Verified from EPA source,Role identified; person not yet verified,General commercial or institutional facility; validate site portfolio and purchasing authority.,https://www.epa.gov/ghgreporting/data-sets,https://www.epa.gov/system/files/other-files/2024-10/ghgp_data_parent_company.xlsb,EPA GHGRP 2023 Direct Point Emitters,2024-08-16,2026-07-30,16,22,10,10,10,68,75,Medium
NE-076,GHGRP-1008928,1008928,"Hamilton Sundstrand Corporation - Windsor Locks, CT",Hamilton Sundstrand Corporation,RTX CORP,100.0,Other,336413,Windsor Locks,CT,06096,1 Hamilton Road,Hartford County,41.925474,-72.687405,29237.336,Small Reporting Load,Director of Facilities,Energy and Sustainability Manager,Role-based target; individual person not yet verified,Facilities and Institutions,Sales Rep B - Connecticut/Rhode Island,Verified from EPA source,Role identified; person not yet verified,General commercial or institutional facility; validate site portfolio and purchasing authority.,https://www.epa.gov/ghgreporting/data-sets,https://www.epa.gov/system/files/other-files/2024-10/ghgp_data_parent_company.xlsb,EPA GHGRP 2023 Direct Point Emitters,2024-08-16,2026-07-30,16,22,10,10,10,68,76,Medium
NE-077,GHGRP-1003597,1003597,"Mohegan Tribe of Indians of Connecticut - Uncasville, CT",Mohegan Tribe of Indians of Connecticut,MOHEGAN TRIBE OF INDIANS OF CONNECTICUT,100.0,Other,721120,Uncasville,CT,06382,13 Crow Hill Road,New London County,41.490761,-72.099052,28084.884,Small Reporting Load,Director of Facilities,Energy and Sustainability Manager,Role-based target; individual person not yet verified,Facilities and Institutions,Sales Rep B - Connecticut/Rhode Island,Verified from EPA source,Role identified; person not yet verified,General commercial or institutional facility; validate site portfolio and purchasing authority.,https://www.epa.gov/ghgreporting/data-sets,https://www.epa.gov/system/files/other-files/2024-10/ghgp_data_parent_company.xlsb,EPA GHGRP 2023 Direct Point Emitters,2024-08-16,2026-07-30,16,22,10,10,10,68,77,Medium
NE-078,GHGRP-1001811,1001811,"BROWN UNIVERSITY MAIN CAMPUS - Providence, RI",BROWN UNIVERSITY MAIN CAMPUS,Brown University,100.0,Other,611310,Providence,RI,02912,164 ANGELL STREET,Providence County,41.99158,-71.510908,24994.456,Small Reporting Load,Director of Facilities,Energy and Sustainability Manager,Role-based target; individual person not yet verified,Facilities and Institutions,Sales Rep B - Connecticut/Rhode Island,Verified from EPA source,Role identified; person not yet verified,General commercial or institutional facility; validate site portfolio and purchasing authority.,https://www.epa.gov/ghgreporting/data-sets,https://www.epa.gov/system/files/other-files/2024-10/ghgp_data_parent_company.xlsb,EPA GHGRP 2023 Direct Point Emitters,2024-08-16,2026-07-30,16,22,10,10,10,68,78,Medium
NE-079,GHGRP-1012083,1012083,"University of New Hampshire - Durham, NH",University of New Hampshire,UNIVERSITY SYSTEM OF NEW HAMPSHIRE,100.0,Other,611310,Durham,NH,03824,22 Colovos Road,Strafford County,43.136199,-70.937909,20385.006,Small Reporting Load,Director of Facilities,Energy and Sustainability Manager,Role-based target; individual person not yet verified,Facilities and Institutions,Sales Rep C - Northern New England,Verified from EPA source,Role identified; person not yet verified,General commercial or institutional facility; validate site portfolio and purchasing authority.,https://www.epa.gov/ghgreporting/data-sets,https://www.epa.gov/system/files/other-files/2024-10/ghgp_data_parent_company.xlsb,EPA GHGRP 2023 Direct Point Emitters,2024-08-16,2026-07-30,16,22,10,10,10,68,79,Medium
NE-080,GHGRP-1005253,1005253,"JUNIPER RIDGE LANDFILL - Old Town, ME",JUNIPER RIDGE LANDFILL,CASELLA WASTE SYSTEMS INC,100.0,Waste,562212,Old Town,ME,04468,2828 BENNOCH RD,Penobscot County,44.99658,-68.70436,69031.05,Mid Reporting Load,Director of Operations,Facilities Manager,Role-based target; individual person not yet verified,Waste and Environmental,Sales Rep C - Northern New England,Verified from EPA source,Role identified; person not yet verified,"Waste-sector facility; qualify electricity, natural-gas, and multi-site purchasing needs.",https://www.epa.gov/ghgreporting/data-sets,https://www.epa.gov/system/files/other-files/2024-10/ghgp_data_parent_company.xlsb,EPA GHGRP 2023 Direct Point Emitters,2024-08-16,2026-07-30,12,20,15,10,9,66,80,Medium
NE-081,GHGRP-1005261,1005261,"NEWSVT LANDFILL - Coventry, VT",NEWSVT LANDFILL,CASELLA WASTE SYSTEMS INC,100.0,Waste,562212,Coventry,VT,05855,21 Landfill Lane,Orleans County,44.90871,-72.22104,62901.9,Mid Reporting Load,Director of Operations,Facilities Manager,Role-based target; individual person not yet verified,Waste and Environmental,Sales Rep C - Northern New England,Verified from EPA source,Role identified; person not yet verified,"Waste-sector facility; qualify electricity, natural-gas, and multi-site purchasing needs.",https://www.epa.gov/ghgreporting/data-sets,https://www.epa.gov/system/files/other-files/2024-10/ghgp_data_parent_company.xlsb,EPA GHGRP 2023 Direct Point Emitters,2024-08-16,2026-07-30,12,20,15,10,9,66,81,Low
NE-082,GHGRP-1005673,1005673,"REGIONAL WASTE SYSTEMS INCORPORATED - Portland, ME",REGIONAL WASTE SYSTEMS INCORPORATED,ECOMAINE,100.0,Waste,562213,Portland,ME,04102,64 BLUEBERRY RD,Cumberland County,43.6557,-70.3341,62777.74,Mid Reporting Load,Director of Operations,Facilities Manager,Role-based target; individual person not yet verified,Waste and Environmental,Sales Rep C - Northern New England,Verified from EPA source,Role identified; person not yet verified,"Waste-sector facility; qualify electricity, natural-gas, and multi-site purchasing needs.",https://www.epa.gov/ghgreporting/data-sets,https://www.epa.gov/system/files/other-files/2024-10/ghgp_data_parent_company.xlsb,EPA GHGRP 2023 Direct Point Emitters,2024-08-16,2026-07-30,12,20,15,10,9,66,82,Low
NE-083,GHGRP-1006864,1006864,"Bellingham Power Generation LLC - Bellingham, MA",Bellingham Power Generation LLC,Vistra Corp,100.0,Power Plants,221112,Bellingham,MA,02019,155 MAPLE ST,Norfolk,42.1113,-71.4529,1217538.088,Enterprise Reporting Load,Plant Manager,Director of Operations,Role-based target; individual person not yet verified,Market Intelligence - Generation,Sales Rep A - Massachusetts,Verified from EPA source,Role identified; person not yet verified,"Generation facility; low end-customer fit, retained for market context and qualification practice.",https://www.epa.gov/ghgreporting/data-sets,https://www.epa.gov/system/files/other-files/2024-10/ghgp_data_parent_company.xlsb,EPA GHGRP 2023 Direct Point Emitters,2024-08-16,2026-07-30,20,5,30,10,0,65,83,Low
NE-084,GHGRP-1006657,1006657,"Blackstone Power Generation LLC - Blackstone, MA",Blackstone Power Generation LLC,Vistra Corp,100.0,Power Plants,221112,Blackstone,MA,01504,204 ELM ST,Worcester,42.0575,-71.5172,1080446.796,Enterprise Reporting Load,Plant Manager,Director of Operations,Role-based target; individual person not yet verified,Market Intelligence - Generation,Sales Rep A - Massachusetts,Verified from EPA source,Role identified; person not yet verified,"Generation facility; low end-customer fit, retained for market context and qualification practice.",https://www.epa.gov/ghgreporting/data-sets,https://www.epa.gov/system/files/other-files/2024-10/ghgp_data_parent_company.xlsb,EPA GHGRP 2023 Direct Point Emitters,2024-08-16,2026-07-30,20,5,30,10,0,65,84,Low
NE-085,GHGRP-1001410,1001410,"Fore River Energy Center - Weymouth, MA",Fore River Energy Center,CPN MANAGEMENT LP,100.0,Power Plants,221112,Weymouth,MA,02191,9 BRIDGE ST,Norfolk,42.2417,-70.9653,886336.582,Enterprise Reporting Load,Plant Manager,Director of Operations,Role-based target; individual person not yet verified,Market Intelligence - Generation,Sales Rep A - Massachusetts,Verified from EPA source,Role identified; person not yet verified,"Generation facility; low end-customer fit, retained for market context and qualification practice.",https://www.epa.gov/ghgreporting/data-sets,https://www.epa.gov/system/files/other-files/2024-10/ghgp_data_parent_company.xlsb,EPA GHGRP 2023 Direct Point Emitters,2024-08-16,2026-07-30,20,5,30,10,0,65,85,Low
NE-086,GHGRP-1000657,1000657,"Kendall Green Energy - Cambridge, MA",Kendall Green Energy,VICINITY ENERGY INC,100.0,Power Plants,221112,Cambridge,MA,02142,265 FIRST ST,Middlesex,42.3633,-71.0792,788059.912,Enterprise Reporting Load,Plant Manager,Director of Operations,Role-based target; individual person not yet verified,Market Intelligence - Generation,Sales Rep A - Massachusetts,Verified from EPA source,Role identified; person not yet verified,"Generation facility; low end-customer fit, retained for market context and qualification practice.",https://www.epa.gov/ghgreporting/data-sets,https://www.epa.gov/system/files/other-files/2024-10/ghgp_data_parent_company.xlsb,EPA GHGRP 2023 Direct Point Emitters,2024-08-16,2026-07-30,20,5,30,10,0,65,86,Low
NE-087,GHGRP-1000653,1000653,"Mystic - Charlestown, MA",Mystic,CONSTELLATION ENERGY CORP,100.0,Power Plants,221112,Charlestown,MA,02129,173 ALFORD ST,Middlesex,42.3917,-71.0667,528357.044,Enterprise Reporting Load,Plant Manager,Director of Operations,Role-based target; individual person not yet verified,Market Intelligence - Generation,Sales Rep A - Massachusetts,Verified from EPA source,Role identified; person not yet verified,"Generation facility; low end-customer fit, retained for market context and qualification practice.",https://www.epa.gov/ghgreporting/data-sets,https://www.epa.gov/system/files/other-files/2024-10/ghgp_data_parent_company.xlsb,EPA GHGRP 2023 Direct Point Emitters,2024-08-16,2026-07-30,20,5,30,10,0,65,87,Low
NE-088,GHGRP-1004084,1004084,"MOUNT CARBERRY LANDFILL - Berlin, NH",MOUNT CARBERRY LANDFILL,ANDROSCOGGIN VALLEY REGIONAL REFUSE,100.0,Waste,562212,Berlin,NH,03570,OFF HUTCHINS ST,Coos County,44.502699,-71.186431,49799.75,Small Reporting Load,Director of Operations,Facilities Manager,Role-based target; individual person not yet verified,Waste and Environmental,Sales Rep C - Northern New England,Verified from EPA source,Role identified; person not yet verified,"Waste-sector facility; qualify electricity, natural-gas, and multi-site purchasing needs.",https://www.epa.gov/ghgreporting/data-sets,https://www.epa.gov/system/files/other-files/2024-10/ghgp_data_parent_company.xlsb,EPA GHGRP 2023 Direct Point Emitters,2024-08-16,2026-07-30,16,20,10,10,9,65,88,Low
NE-089,GHGRP-1004751,1004751,"FOUR HILLS LANDFILL - Nashua, NH",FOUR HILLS LANDFILL,CITY OF NASHUA DEPARTMENT OF PUBLIC WORKS,100.0,Waste,562212,Nashua,NH,03062,840 WEST HOLLIS STREET,Hillsborough County,42.731563,-71.520521,10010.7,Small Reporting Load,Director of Operations,Facilities Manager,Role-based target; individual person not yet verified,Waste and Environmental,Sales Rep C - Northern New England,Verified from EPA source,Role identified; person not yet verified,"Waste-sector facility; qualify electricity, natural-gas, and multi-site purchasing needs.",https://www.epa.gov/ghgreporting/data-sets,https://www.epa.gov/system/files/other-files/2024-10/ghgp_data_parent_company.xlsb,EPA GHGRP 2023 Direct Point Emitters,2024-08-16,2026-07-30,16,20,10,10,9,65,89,Low
NE-090,GHGRP-1006421,1006421,"LEBANON LANDFILL AND RECYCLING CENTER - West Lebanon, NH",LEBANON LANDFILL AND RECYCLING CENTER,CITY OF LEBANON NEW HAMPSHIRE,100.0,Waste,562212,West Lebanon,NH,03784,"370 PLAINFIELD ROAD, RTE 12-A",Grafton County,43.612789,-72.326669,9028.4,Small Reporting Load,Director of Operations,Facilities Manager,Role-based target; individual person not yet verified,Waste and Environmental,Sales Rep C - Northern New England,Verified from EPA source,Role identified; person not yet verified,"Waste-sector facility; qualify electricity, natural-gas, and multi-site purchasing needs.",https://www.epa.gov/ghgreporting/data-sets,https://www.epa.gov/system/files/other-files/2024-10/ghgp_data_parent_company.xlsb,EPA GHGRP 2023 Direct Point Emitters,2024-08-16,2026-07-30,16,20,10,10,9,65,90,Low
NE-091,GHGRP-1006283,1006283,"RHODE ISLAND Resource Recovery Corporation - Johnston, RI",RHODE ISLAND Resource Recovery Corporation,RHODE ISLAND RESOURCE RECOVERY CORP,100.0,Waste,562212,Johnston,RI,02919,65 SHUN PIKE,Providence County,41.8032,-71.5238,5354.146,Small Reporting Load,Director of Operations,Facilities Manager,Role-based target; individual person not yet verified,Waste and Environmental,Sales Rep B - Connecticut/Rhode Island,Verified from EPA source,Role identified; person not yet verified,"Waste-sector facility; qualify electricity, natural-gas, and multi-site purchasing needs.",https://www.epa.gov/ghgreporting/data-sets,https://www.epa.gov/system/files/other-files/2024-10/ghgp_data_parent_company.xlsb,EPA GHGRP 2023 Direct Point Emitters,2024-08-16,2026-07-30,16,20,10,10,9,65,91,Low
NE-092,GHGRP-1002017,1002017,"University of Maine - Orono, ME",University of Maine,UNIVERSITY OF MAINE SYSTEM,100.0,Other,611310,Orono,ME,04469,5765 Service Building,Penobscot County,44.89893,-68.673477,27604.832,Small Reporting Load,Director of Facilities,Energy and Sustainability Manager,Role-based target; individual person not yet verified,Facilities and Institutions,Sales Rep C - Northern New England,Verified from EPA source,Role identified; person not yet verified,General commercial or institutional facility; validate site portfolio and purchasing authority.,https://www.epa.gov/ghgreporting/data-sets,https://www.epa.gov/system/files/other-files/2024-10/ghgp_data_parent_company.xlsb,EPA GHGRP 2023 Direct Point Emitters,2024-08-16,2026-07-30,12,22,10,10,10,64,92,Low
NE-093,GHGRP-1002803,1002803,"University of Vermont and State Agricultural College - Burlington, VT",University of Vermont and State Agricultural College,UNIVERSITY OF VERMONT & STATE AGRICULTURAL COLLEGE,100.0,Other,611310,Burlington,VT,05405,284 East Avenue,Chittenden County,44.47432,-73.19061,26908.246,Small Reporting Load,Director of Facilities,Energy and Sustainability Manager,Role-based target; individual person not yet verified,Facilities and Institutions,Sales Rep C - Northern New England,Verified from EPA source,Role identified; person not yet verified,General commercial or institutional facility; validate site portfolio and purchasing authority.,https://www.epa.gov/ghgreporting/data-sets,https://www.epa.gov/system/files/other-files/2024-10/ghgp_data_parent_company.xlsb,EPA GHGRP 2023 Direct Point Emitters,2024-08-16,2026-07-30,12,22,10,10,10,64,93,Low
NE-094,GHGRP-1011251,1011251,"Omya Inc. (Verpol) - Florence, VT",Omya Inc. (Verpol),OMYA INDUSTRIES INC,100.0,Other,212312,Florence,VT,05701,206 Omya West,Rutland County,43.70987,-73.06302,25019.956,Small Reporting Load,Director of Facilities,Energy and Sustainability Manager,Role-based target; individual person not yet verified,Facilities and Institutions,Sales Rep C - Northern New England,Verified from EPA source,Role identified; person not yet verified,General commercial or institutional facility; validate site portfolio and purchasing authority.,https://www.epa.gov/ghgreporting/data-sets,https://www.epa.gov/system/files/other-files/2024-10/ghgp_data_parent_company.xlsb,EPA GHGRP 2023 Direct Point Emitters,2024-08-16,2026-07-30,12,22,10,10,10,64,94,Low
NE-095,GHGRP-1013349,1013349,"Northern Light - Eastern Maine Medical Center - Bangor, ME",Northern Light - Eastern Maine Medical Center,NORTHERN LIGHT HEALTH,100.0,Other,622110,Bangor,ME,04401,489 State Street,Penobscot County,44.808367,-68.750802,24023.36,Small Reporting Load,Director of Facilities,Energy and Sustainability Manager,Role-based target; individual person not yet verified,Facilities and Institutions,Sales Rep C - Northern New England,Verified from EPA source,Role identified; person not yet verified,General commercial or institutional facility; validate site portfolio and purchasing authority.,https://www.epa.gov/ghgreporting/data-sets,https://www.epa.gov/system/files/other-files/2024-10/ghgp_data_parent_company.xlsb,EPA GHGRP 2023 Direct Point Emitters,2024-08-16,2026-07-30,12,22,10,10,10,64,95,Low
NE-096,GHGRP-1013584,1013584,"Pioneer Plastics Corporation - Auburn, ME",Pioneer Plastics Corporation,PANOLAM INDUSTRIES INTERNATIONAL INC,100.0,Other,326130,Auburn,ME,04210,1 Pionite Road,Androscoggin County,44.068056,-70.258333,22346.172,Small Reporting Load,Director of Facilities,Energy and Sustainability Manager,Role-based target; individual person not yet verified,Facilities and Institutions,Sales Rep C - Northern New England,Verified from EPA source,Role identified; person not yet verified,General commercial or institutional facility; validate site portfolio and purchasing authority.,https://www.epa.gov/ghgreporting/data-sets,https://www.epa.gov/system/files/other-files/2024-10/ghgp_data_parent_company.xlsb,EPA GHGRP 2023 Direct Point Emitters,2024-08-16,2026-07-30,12,22,10,10,10,64,96,Low
NE-097,GHGRP-1009581,1009581,"Diodes US Manufacturing Incorporated - South Portland, ME",Diodes US Manufacturing Incorporated,DIODES INC,100.0,Other,334413,South Portland,ME,04106,333 Western Avenue,Cumberland County,43.640687,-70.325903,20237.05797,Small Reporting Load,Director of Facilities,Energy and Sustainability Manager,Role-based target; individual person not yet verified,Facilities and Institutions,Sales Rep C - Northern New England,Verified from EPA source,Role identified; person not yet verified,General commercial or institutional facility; validate site portfolio and purchasing authority.,https://www.epa.gov/ghgreporting/data-sets,https://www.epa.gov/system/files/other-files/2024-10/ghgp_data_parent_company.xlsb,EPA GHGRP 2023 Direct Point Emitters,2024-08-16,2026-07-30,12,22,10,10,10,64,97,Low
NE-098,GHGRP-1006917,1006917,"International N&H USA, INC - Rockland, ME","International N&H USA, INC",INTERNATIONAL FLAVORS & FRAGRANCES INC,100.0,Other,311999,Rockland,ME,04841,1 CROCKETTS POINT,Knox County,44.107014,-69.104236,12584.94,Small Reporting Load,Director of Facilities,Energy and Sustainability Manager,Role-based target; individual person not yet verified,Facilities and Institutions,Sales Rep C - Northern New England,Verified from EPA source,Role identified; person not yet verified,General commercial or institutional facility; validate site portfolio and purchasing authority.,https://www.epa.gov/ghgreporting/data-sets,https://www.epa.gov/system/files/other-files/2024-10/ghgp_data_parent_company.xlsb,EPA GHGRP 2023 Direct Point Emitters,2024-08-16,2026-07-30,12,22,10,10,10,64,98,Low
NE-099,GHGRP-1002915,1002915,"ANHEUSER-BUSCH LLC - Merrimack, NH",ANHEUSER-BUSCH LLC,ANHEUSER-BUSCH COS LLC,100.0,"Other,Suppliers of CO2",312120,Merrimack,NH,03054,221 DANIEL WEBSTER HIGHWAY,Hillsborough County,42.822084,-71.488321,10838.138,Small Reporting Load,Director of Operations,Strategic Sourcing Manager,Role-based target; individual person not yet verified,Industrial High-Load,Sales Rep C - Northern New England,Verified from EPA source,Role identified; person not yet verified,Industrial supplier; validate whether energy procurement is managed at the site or parent-company level.,https://www.epa.gov/ghgreporting/data-sets,https://www.epa.gov/system/files/other-files/2024-10/ghgp_data_parent_company.xlsb,EPA GHGRP 2023 Direct Point Emitters,2024-08-16,2026-07-30,16,20,10,10,8,64,99,Low
NE-100,GHGRP-1006130,1006130,"Cromwell - Cromwell, CT",Cromwell,Enbridge (US) Inc,100.0,Petroleum and Natural Gas Systems,486210,Cromwell,CT,06416,252 Shunpike Road,Middlesex County,41.631747,-72.676381,67979.902,Mid Reporting Load,Director of Operations,Energy Procurement Manager,Role-based target; individual person not yet verified,Energy Infrastructure,Sales Rep B - Connecticut/Rhode Island,Verified from EPA source,Role identified; person not yet verified,Energy-sector operator; retain for market intelligence and qualify end-customer purchasing fit.,https://www.epa.gov/ghgreporting/data-sets,https://www.epa.gov/system/files/other-files/2024-10/ghgp_data_parent_company.xlsb,EPA GHGRP 2023 Direct Point Emitters,2024-08-16,2026-07-30,16,15,15,10,7,63,100,Low
NE-101,GHGRP-1000206,1000206,"Burrillville - Pascoag, RI",Burrillville,Enbridge (US) Inc,100.0,Petroleum and Natural Gas Systems,486210,Pascoag,RI,02859,54 Algonquin Lane,Providence County,41.96763,-71.75379,61368.376,Mid Reporting Load,Director of Operations,Energy Procurement Manager,Role-based target; individual person not yet verified,Energy Infrastructure,Sales Rep B - Connecticut/Rhode Island,Verified from EPA source,Role identified; person not yet verified,Energy-sector operator; retain for market intelligence and qualify end-customer purchasing fit.,https://www.epa.gov/ghgreporting/data-sets,https://www.epa.gov/system/files/other-files/2024-10/ghgp_data_parent_company.xlsb,EPA GHGRP 2023 Direct Point Emitters,2024-08-16,2026-07-30,16,15,15,10,7,63,101,Low
NE-102,GHGRP-1008158,1008158,"Oxford Station - Oxford, CT",Oxford Station,Enbridge (US) Inc,100.0,Petroleum and Natural Gas Systems,486210,Oxford,CT,06478,40 Woodruff Hill Road,New Haven County,41.485885,-73.120501,55953.394,Mid Reporting Load,Director of Operations,Energy Procurement Manager,Role-based target; individual person not yet verified,Energy Infrastructure,Sales Rep B - Connecticut/Rhode Island,Verified from EPA source,Role identified; person not yet verified,Energy-sector operator; retain for market intelligence and qualify end-customer purchasing fit.,https://www.epa.gov/ghgreporting/data-sets,https://www.epa.gov/system/files/other-files/2024-10/ghgp_data_parent_company.xlsb,EPA GHGRP 2023 Direct Point Emitters,2024-08-16,2026-07-30,16,15,15,10,7,63,102,Low
NE-103,GHGRP-1004165,1004165,"IROQUOIS GAS TRANSMISSION SYSTEM, L.P. - BROOKFIELD COMPRESSOR STATION - Brookfield, CT","IROQUOIS GAS TRANSMISSION SYSTEM, L.P. - BROOKFIELD COMPRESSOR STATION",IROQUOIS GAS TRANSMISSION SYSTEM LP,100.0,Petroleum and Natural Gas Systems,486210,Brookfield,CT,06804,78 HIGH MEADOW ROAD,Fairfield County,41.43398,-73.37183,50539.012,Mid Reporting Load,Director of Operations,Energy Procurement Manager,Role-based target; individual person not yet verified,Energy Infrastructure,Sales Rep B - Connecticut/Rhode Island,Verified from EPA source,Role identified; person not yet verified,Energy-sector operator; retain for market intelligence and qualify end-customer purchasing fit.,https://www.epa.gov/ghgreporting/data-sets,https://www.epa.gov/system/files/other-files/2024-10/ghgp_data_parent_company.xlsb,EPA GHGRP 2023 Direct Point Emitters,2024-08-16,2026-07-30,16,15,15,10,7,63,103,Low
NE-104,GHGRP-1008146,1008146,"Chaplin Station - Chaplin, CT",Chaplin Station,Enbridge (US) Inc,100.0,Petroleum and Natural Gas Systems,486210,Chaplin,CT,06235,539 Tower Hill Road,Windham County,41.819928,-72.156801,50426.318,Mid Reporting Load,Director of Operations,Energy Procurement Manager,Role-based target; individual person not yet verified,Energy Infrastructure,Sales Rep B - Connecticut/Rhode Island,Verified from EPA source,Role identified; person not yet verified,Energy-sector operator; retain for market intelligence and qualify end-customer purchasing fit.,https://www.epa.gov/ghgreporting/data-sets,https://www.epa.gov/system/files/other-files/2024-10/ghgp_data_parent_company.xlsb,EPA GHGRP 2023 Direct Point Emitters,2024-08-16,2026-07-30,16,15,15,10,7,63,104,Low
NE-105,GHGRP-1009333,1009333,"TGP Station 264 Charlton - Charlton, MA",TGP Station 264 Charlton,KINDER MORGAN INC,100.0,Petroleum and Natural Gas Systems,486210,Charlton,MA,01507,196 Carpenter Hill Rd,Worcester County,42.1218,-72.0021,32834.178,Small Reporting Load,Director of Operations,Energy Procurement Manager,Role-based target; individual person not yet verified,Energy Infrastructure,Sales Rep A - Massachusetts,Verified from EPA source,Role identified; person not yet verified,Energy-sector operator; retain for market intelligence and qualify end-customer purchasing fit.,https://www.epa.gov/ghgreporting/data-sets,https://www.epa.gov/system/files/other-files/2024-10/ghgp_data_parent_company.xlsb,EPA GHGRP 2023 Direct Point Emitters,2024-08-16,2026-07-30,20,15,10,10,7,62,105,Low
NE-106,GHGRP-1010498,1010498,"TGP Station 261 Agawam - Agawam, MA",TGP Station 261 Agawam,KINDER MORGAN INC,100.0,Petroleum and Natural Gas Systems,486210,Agawam,MA,01001,1615 Suffield St,Hampden County,42.0336,-72.63702,25945.112,Small Reporting Load,Director of Operations,Energy Procurement Manager,Role-based target; individual person not yet verified,Energy Infrastructure,Sales Rep A - Massachusetts,Verified from EPA source,Role identified; person not yet verified,Energy-sector operator; retain for market intelligence and qualify end-customer purchasing fit.,https://www.epa.gov/ghgreporting/data-sets,https://www.epa.gov/system/files/other-files/2024-10/ghgp_data_parent_company.xlsb,EPA GHGRP 2023 Direct Point Emitters,2024-08-16,2026-07-30,20,15,10,10,7,62,106,Low
NE-107,GHGRP-1002283,1002283,"MCCAIN FOODS POTATO FACILITY - Easton, ME",MCCAIN FOODS POTATO FACILITY,MCCAIN USA INC,100.0,"Other,Waste",311411,Easton,ME,04740,319 RICHARDSON ROAD,Aroostook County,46.660278,-67.902222,21370.586,Small Reporting Load,Director of Operations,Facilities Manager,Role-based target; individual person not yet verified,Waste and Environmental,Sales Rep C - Northern New England,Verified from EPA source,Role identified; person not yet verified,Mixed industrial and waste operation; confirm energy-load profile and site decision authority.,https://www.epa.gov/ghgreporting/data-sets,https://www.epa.gov/system/files/other-files/2024-10/ghgp_data_parent_company.xlsb,EPA GHGRP 2023 Direct Point Emitters,2024-08-16,2026-07-30,12,21,10,10,9,62,107,Low
NE-108,GHGRP-1003769,1003769,"DISTRIGAS OF MASSACHUSETTS LLC - Everett, MA",DISTRIGAS OF MASSACHUSETTS LLC,Constellation Energy Corp,100.0,Petroleum and Natural Gas Systems,221210,Everett,MA,02149,18 ROVER ST,Middlesex County,42.393109,-71.064636,11381.86,Small Reporting Load,Director of Operations,Energy Procurement Manager,Role-based target; individual person not yet verified,Energy Infrastructure,Sales Rep A - Massachusetts,Verified from EPA source,Role identified; person not yet verified,Energy-sector operator; retain for market intelligence and qualify end-customer purchasing fit.,https://www.epa.gov/ghgreporting/data-sets,https://www.epa.gov/system/files/other-files/2024-10/ghgp_data_parent_company.xlsb,EPA GHGRP 2023 Direct Point Emitters,2024-08-16,2026-07-30,20,15,10,10,7,62,108,Low
NE-109,GHGRP-1001338,1001338,"Lake Road Generating Company - Dayville, CT",Lake Road Generating Company,Vistra Corp,100.0,Power Plants,221112,Dayville,CT,06241,56 ALEXANDER PARKWAY,Windham,41.8736,-71.8947,2159025.448,Enterprise Reporting Load,Plant Manager,Director of Operations,Role-based target; individual person not yet verified,Market Intelligence - Generation,Sales Rep B - Connecticut/Rhode Island,Verified from EPA source,Role identified; person not yet verified,"Generation facility; low end-customer fit, retained for market context and qualification practice.",https://www.epa.gov/ghgreporting/data-sets,https://www.epa.gov/system/files/other-files/2024-10/ghgp_data_parent_company.xlsb,EPA GHGRP 2023 Direct Point Emitters,2024-08-16,2026-07-30,16,5,30,10,0,61,109,Low
NE-110,GHGRP-1013223,1013223,"CPV Towantic Energy Center - Oxford, CT",CPV Towantic Energy Center,OSAKA GAS USA CORP,49.5,Power Plants,221112,Oxford,CT,06478,16 Woodruff Hill Road,New Haven County,41.479021,-73.12118,1938201.386,Enterprise Reporting Load,Plant Manager,Director of Operations,Role-based target; individual person not yet verified,Market Intelligence - Generation,Sales Rep B - Connecticut/Rhode Island,Verified from EPA source,Role identified; person not yet verified,"Generation facility; low end-customer fit, retained for market context and qualification practice.",https://www.epa.gov/ghgreporting/data-sets,https://www.epa.gov/system/files/other-files/2024-10/ghgp_data_parent_company.xlsb,EPA GHGRP 2023 Direct Point Emitters,2024-08-16,2026-07-30,16,5,30,10,0,61,110,Low
NE-111,GHGRP-1007307,1007307,"Milford Power Company LLC - Milford, CT",Milford Power Company LLC,Vistra Corp,100.0,Power Plants,221112,Milford,CT,06460,55 SHELLAND ST,New Haven,41.2239,-73.1,1425972.916,Enterprise Reporting Load,Plant Manager,Director of Operations,Role-based target; individual person not yet verified,Market Intelligence - Generation,Sales Rep B - Connecticut/Rhode Island,Verified from EPA source,Role identified; person not yet verified,"Generation facility; low end-customer fit, retained for market context and qualification practice.",https://www.epa.gov/ghgreporting/data-sets,https://www.epa.gov/system/files/other-files/2024-10/ghgp_data_parent_company.xlsb,EPA GHGRP 2023 Direct Point Emitters,2024-08-16,2026-07-30,16,5,30,10,0,61,111,Low
NE-112,GHGRP-1001315,1001315,"Rhode Island State Energy Center - Johnston, RI",Rhode Island State Energy Center,RHODE ISLAND STATE ENERGY CENTER LP,100.0,Power Plants,221112,Johnston,RI,02919,24 SHUN PIKE,Providence,41.8017,-71.5186,1361847.604,Enterprise Reporting Load,Plant Manager,Director of Operations,Role-based target; individual person not yet verified,Market Intelligence - Generation,Sales Rep B - Connecticut/Rhode Island,Verified from EPA source,Role identified; person not yet verified,"Generation facility; low end-customer fit, retained for market context and qualification practice.",https://www.epa.gov/ghgreporting/data-sets,https://www.epa.gov/system/files/other-files/2024-10/ghgp_data_parent_company.xlsb,EPA GHGRP 2023 Direct Point Emitters,2024-08-16,2026-07-30,16,5,30,10,0,61,112,Low
NE-113,GHGRP-1001345,1001345,"Granite Ridge Energy - Londonderry, NH",Granite Ridge Energy,CPN MANAGEMENT LP,100.0,Power Plants,221112,Londonderry,NH,03053,21 NORTH WENTWORTH AVE,Rockingham,42.9043,-71.4251,1299587.984,Enterprise Reporting Load,Plant Manager,Director of Operations,Role-based target; individual person not yet verified,Market Intelligence - Generation,Sales Rep C - Northern New England,Verified from EPA source,Role identified; person not yet verified,"Generation facility; low end-customer fit, retained for market context and qualification practice.",https://www.epa.gov/ghgreporting/data-sets,https://www.epa.gov/system/files/other-files/2024-10/ghgp_data_parent_company.xlsb,EPA GHGRP 2023 Direct Point Emitters,2024-08-16,2026-07-30,16,5,30,10,0,61,113,Low
NE-114,GHGRP-1006949,1006949,"Bridgeport Harbor Station - Bridgeport, CT",Bridgeport Harbor Station,ARCLIGHT ENERGY PARTNERS FUND VII LP,100.0,Power Plants,221112,Bridgeport,CT,06604,2 ATLANTIC ST,Fairfield,41.1706,-73.1843,1067502.25,Enterprise Reporting Load,Plant Manager,Director of Operations,Role-based target; individual person not yet verified,Market Intelligence - Generation,Sales Rep B - Connecticut/Rhode Island,Verified from EPA source,Role identified; person not yet verified,"Generation facility; low end-customer fit, retained for market context and qualification practice.",https://www.epa.gov/ghgreporting/data-sets,https://www.epa.gov/system/files/other-files/2024-10/ghgp_data_parent_company.xlsb,EPA GHGRP 2023 Direct Point Emitters,2024-08-16,2026-07-30,16,5,30,10,0,61,114,Low
NE-115,GHGRP-1002802,1002802,"KLEEN ENERGY SYSTEMS POWER PLANT - Middletown, CT",KLEEN ENERGY SYSTEMS POWER PLANT,KLEEN ENERGY SYSTEMS LLC,100.0,Power Plants,221112,Middletown,CT,06457,1349 RIVER RD,Middlesex County,41.5526,-72.597,1014344.376,Enterprise Reporting Load,Plant Manager,Director of Operations,Role-based target; individual person not yet verified,Market Intelligence - Generation,Sales Rep B - Connecticut/Rhode Island,Verified from EPA source,Role identified; person not yet verified,"Generation facility; low end-customer fit, retained for market context and qualification practice.",https://www.epa.gov/ghgreporting/data-sets,https://www.epa.gov/system/files/other-files/2024-10/ghgp_data_parent_company.xlsb,EPA GHGRP 2023 Direct Point Emitters,2024-08-16,2026-07-30,16,5,30,10,0,61,115,Low
NE-116,GHGRP-1001299,1001299,"Bridgeport Energy - Bridgeport, CT",Bridgeport Energy,BRIDGEPORT ENERGY LLC,100.0,Power Plants,221112,Bridgeport,CT,06604,10 ATLANTIC ST,Fairfield,41.1692,-73.1844,1012876.096,Enterprise Reporting Load,Plant Manager,Director of Operations,Role-based target; individual person not yet verified,Market Intelligence - Generation,Sales Rep B - Connecticut/Rhode Island,Verified from EPA source,Role identified; person not yet verified,"Generation facility; low end-customer fit, retained for market context and qualification practice.",https://www.epa.gov/ghgreporting/data-sets,https://www.epa.gov/system/files/other-files/2024-10/ghgp_data_parent_company.xlsb,EPA GHGRP 2023 Direct Point Emitters,2024-08-16,2026-07-30,16,5,30,10,0,61,116,Low
NE-117,GHGRP-1000905,1000905,"Manchester Street - Providence, RI",Manchester Street,EDGEWATER GENERATION HOLDINGS LLC,100.0,Power Plants,221112,Providence,RI,02903,40 POINT ST,Providence,41.8167,-71.4042,815757.847,Enterprise Reporting Load,Plant Manager,Director of Operations,Role-based target; individual person not yet verified,Market Intelligence - Generation,Sales Rep B - Connecticut/Rhode Island,Verified from EPA source,Role identified; person not yet verified,"Generation facility; low end-customer fit, retained for market context and qualification practice.",https://www.epa.gov/ghgreporting/data-sets,https://www.epa.gov/system/files/other-files/2024-10/ghgp_data_parent_company.xlsb,EPA GHGRP 2023 Direct Point Emitters,2024-08-16,2026-07-30,16,5,30,10,0,61,117,Low
NE-118,GHGRP-1001301,1001301,"Tiverton Power - Tiverton, RI",Tiverton Power,CARLYLE GROUP MANAGEMENT LLC,100.0,Power Plants,221112,Tiverton,RI,02878,304 PROGRESS RD,Newport,41.6417,-71.17,630573.564,Enterprise Reporting Load,Plant Manager,Director of Operations,Role-based target; individual person not yet verified,Market Intelligence - Generation,Sales Rep B - Connecticut/Rhode Island,Verified from EPA source,Role identified; person not yet verified,"Generation facility; low end-customer fit, retained for market context and qualification practice.",https://www.epa.gov/ghgreporting/data-sets,https://www.epa.gov/system/files/other-files/2024-10/ghgp_data_parent_company.xlsb,EPA GHGRP 2023 Direct Point Emitters,2024-08-16,2026-07-30,16,5,30,10,0,61,118,Low
NE-119,GHGRP-1001258,1001258,"Ocean State Power - Harrisville, RI",Ocean State Power,"LS Power Development, LLC",100.0,Power Plants,221112,Harrisville,RI,02830,1575 SHERMAN FARM ROAD,Providence,42.0099,-71.6701,583169.013,Enterprise Reporting Load,Plant Manager,Director of Operations,Role-based target; individual person not yet verified,Market Intelligence - Generation,Sales Rep B - Connecticut/Rhode Island,Verified from EPA source,Role identified; person not yet verified,"Generation facility; low end-customer fit, retained for market context and qualification practice.",https://www.epa.gov/ghgreporting/data-sets,https://www.epa.gov/system/files/other-files/2024-10/ghgp_data_parent_company.xlsb,EPA GHGRP 2023 Direct Point Emitters,2024-08-16,2026-07-30,16,5,30,10,0,61,119,Low
NE-120,GHGRP-1007646,1007646,"CROSSROADS LANDFILL - Norridgewock, ME",CROSSROADS LANDFILL,WASTE MANAGEMENT INC,100.0,Waste,562212,Norridgewock,ME,04957,357 MERCER RD,Somerset County,44.712556,-69.847255,34847.568,Small Reporting Load,Director of Operations,Facilities Manager,Role-based target; individual person not yet verified,Waste and Environmental,Sales Rep C - Northern New England,Verified from EPA source,Role identified; person not yet verified,"Waste-sector facility; qualify electricity, natural-gas, and multi-site purchasing needs.",https://www.epa.gov/ghgreporting/data-sets,https://www.epa.gov/system/files/other-files/2024-10/ghgp_data_parent_company.xlsb,EPA GHGRP 2023 Direct Point Emitters,2024-08-16,2026-07-30,12,20,10,10,9,61,120,Low
NE-121,GHGRP-1000047,1000047,"PENOBSCOT ENERGY RECOVERY CO. - Orrington, ME",PENOBSCOT ENERGY RECOVERY CO.,USA ENERGY GROUP LLC,98.88,Waste,562213,Orrington,ME,04474,29 INDUSTRIAL WAY,Penobscot County,44.738333,-68.825833,7392.966,Small Reporting Load,Director of Operations,Facilities Manager,Role-based target; individual person not yet verified,Waste and Environmental,Sales Rep C - Northern New England,Verified from EPA source,Role identified; person not yet verified,"Waste-sector facility; qualify electricity, natural-gas, and multi-site purchasing needs.",https://www.epa.gov/ghgreporting/data-sets,https://www.epa.gov/system/files/other-files/2024-10/ghgp_data_parent_company.xlsb,EPA GHGRP 2023 Direct Point Emitters,2024-08-16,2026-07-30,12,20,10,10,9,61,121,Low
NE-122,GHGRP-1007435,1007435,"MASSPOWER - Indian Orchard, MA",MASSPOWER,Vistra Corp,100.0,Power Plants,221112,Indian Orchard,MA,01151,750 WORCESTER ST,Hampden,42.156,-72.5292,283431.9,Very Large Reporting Load,Plant Manager,Director of Operations,Role-based target; individual person not yet verified,Market Intelligence - Generation,Sales Rep A - Massachusetts,Verified from EPA source,Role identified; person not yet verified,"Generation facility; low end-customer fit, retained for market context and qualification practice.",https://www.epa.gov/ghgreporting/data-sets,https://www.epa.gov/system/files/other-files/2024-10/ghgp_data_parent_company.xlsb,EPA GHGRP 2023 Direct Point Emitters,2024-08-16,2026-07-30,20,5,25,10,0,60,122,Low
NE-123,GHGRP-1012869,1012869,"Salem Harbor Station NGCC - Salem, MA",Salem Harbor Station NGCC,Salem Harbor Power Development LP,100.0,Power Plants,221112,Salem,MA,01970,24 Fort Ave,Essex County,42.5255,-70.877,278894.216,Very Large Reporting Load,Plant Manager,Director of Operations,Role-based target; individual person not yet verified,Market Intelligence - Generation,Sales Rep A - Massachusetts,Verified from EPA source,Role identified; person not yet verified,"Generation facility; low end-customer fit, retained for market context and qualification practice.",https://www.epa.gov/ghgreporting/data-sets,https://www.epa.gov/system/files/other-files/2024-10/ghgp_data_parent_company.xlsb,EPA GHGRP 2023 Direct Point Emitters,2024-08-16,2026-07-30,20,5,25,10,0,60,123,Low
NE-124,GHGRP-1000580,1000580,"MEDICAL AREA TOTAL ENERGY PLANT - Boston, MA",MEDICAL AREA TOTAL ENERGY PLANT,LONGWOOD ENERGY PARTNERS LLC,100.0,Power Plants,221330,Boston,MA,02215,474 BROOKLINE AVE,Suffolk County,42.336667,-71.108333,263147.694,Very Large Reporting Load,Plant Manager,Director of Operations,Role-based target; individual person not yet verified,Market Intelligence - Generation,Sales Rep A - Massachusetts,Verified from EPA source,Role identified; person not yet verified,"Generation facility; low end-customer fit, retained for market context and qualification practice.",https://www.epa.gov/ghgreporting/data-sets,https://www.epa.gov/system/files/other-files/2024-10/ghgp_data_parent_company.xlsb,EPA GHGRP 2023 Direct Point Emitters,2024-08-16,2026-07-30,20,5,25,10,0,60,124,Low
NE-125,GHGRP-1001404,1001404,"Westbrook Energy Center - Westbrook, ME",Westbrook Energy Center,CPN MANAGEMENT LP,100.0,Power Plants,221112,Westbrook,ME,04092,60 EISENHOWER DRIVE,Cumberland,43.6576,-70.3772,871059.172,Enterprise Reporting Load,Plant Manager,Director of Operations,Role-based target; individual person not yet verified,Market Intelligence - Generation,Sales Rep C - Northern New England,Verified from EPA source,Role identified; person not yet verified,"Generation facility; low end-customer fit, retained for market context and qualification practice.",https://www.epa.gov/ghgreporting/data-sets,https://www.epa.gov/system/files/other-files/2024-10/ghgp_data_parent_company.xlsb,EPA GHGRP 2023 Direct Point Emitters,2024-08-16,2026-07-30,12,5,30,10,0,57,125,Low
NE-126,GHGRP-1001271,1001271,"Ocean State Power II - Harrisville, RI",Ocean State Power II,"LS Power Development, LLC",100.0,Power Plants,221112,Harrisville,RI,02830,1575 SHERMAN FARM ROAD,Providence,42.0099,-71.6701,489533.55,Very Large Reporting Load,Plant Manager,Director of Operations,Role-based target; individual person not yet verified,Market Intelligence - Generation,Sales Rep B - Connecticut/Rhode Island,Verified from EPA source,Role identified; person not yet verified,"Generation facility; low end-customer fit, retained for market context and qualification practice.",https://www.epa.gov/ghgreporting/data-sets,https://www.epa.gov/system/files/other-files/2024-10/ghgp_data_parent_company.xlsb,EPA GHGRP 2023 Direct Point Emitters,2024-08-16,2026-07-30,16,5,25,10,0,56,126,Low
NE-127,GHGRP-1000170,1000170,"Newington Energy - Newington, NH",Newington Energy,ESSENTIAL POWER LLC,100.0,Power Plants,221112,Newington,NH,03801,200 SHATTUCK WAY,Rockingham,43.1047,-70.8044,342951.424,Very Large Reporting Load,Plant Manager,Director of Operations,Role-based target; individual person not yet verified,Market Intelligence - Generation,Sales Rep C - Northern New England,Verified from EPA source,Role identified; person not yet verified,"Generation facility; low end-customer fit, retained for market context and qualification practice.",https://www.epa.gov/ghgreporting/data-sets,https://www.epa.gov/system/files/other-files/2024-10/ghgp_data_parent_company.xlsb,EPA GHGRP 2023 Direct Point Emitters,2024-08-16,2026-07-30,16,5,25,10,0,56,127,Low
NE-128,GHGRP-1001307,1001307,"Millennium Power - Charlton, MA",Millennium Power,MILLENNIUM POWER CO LLC,100.0,Power Plants,221112,Charlton,MA,01507,10 SHERWOOD LANE,Worcester,42.1127,-72.0152,243807.696,Large Reporting Load,Plant Manager,Director of Operations,Role-based target; individual person not yet verified,Market Intelligence - Generation,Sales Rep A - Massachusetts,Verified from EPA source,Role identified; person not yet verified,"Generation facility; low end-customer fit, retained for market context and qualification practice.",https://www.epa.gov/ghgreporting/data-sets,https://www.epa.gov/system/files/other-files/2024-10/ghgp_data_parent_company.xlsb,EPA GHGRP 2023 Direct Point Emitters,2024-08-16,2026-07-30,20,5,20,10,0,55,128,Low
NE-129,GHGRP-1001294,1001294,"Dighton - Dighton, MA",Dighton,Lotus Infrastructure Partners,50.0,Power Plants,221112,Dighton,MA,02715,1450 SOMERSET AVE,Bristol,41.8312,-71.1239,151448.888,Large Reporting Load,Plant Manager,Director of Operations,Role-based target; individual person not yet verified,Market Intelligence - Generation,Sales Rep A - Massachusetts,Verified from EPA source,Role identified; person not yet verified,"Generation facility; low end-customer fit, retained for market context and qualification practice.",https://www.epa.gov/ghgreporting/data-sets,https://www.epa.gov/system/files/other-files/2024-10/ghgp_data_parent_company.xlsb,EPA GHGRP 2023 Direct Point Emitters,2024-08-16,2026-07-30,20,5,20,10,0,55,129,Low
NE-130,GHGRP-1014566,1014566,"Westbrook - Westbrook, ME",Westbrook,Enbridge (US) Inc,100.0,Petroleum and Natural Gas Systems,486210,Westbrook,ME,04092,420 Small Hardy Rd,,43.7314170669995,-70.3639022913097,43382.048,Small Reporting Load,Director of Operations,Energy Procurement Manager,Role-based target; individual person not yet verified,Energy Infrastructure,Sales Rep C - Northern New England,Verified from EPA source,Role identified; person not yet verified,Energy-sector operator; retain for market intelligence and qualify end-customer purchasing fit.,https://www.epa.gov/ghgreporting/data-sets,https://www.epa.gov/system/files/other-files/2024-10/ghgp_data_parent_company.xlsb,EPA GHGRP 2023 Direct Point Emitters,2024-08-16,2026-07-30,12,15,10,10,7,54,130,Low
NE-131,GHGRP-1008371,1008371,"Richmond Station - Richmond, ME",Richmond Station,Enbridge (US) Inc,100.0,Petroleum and Natural Gas Systems,486210,Richmond,ME,04357,547 Lincoln Street,Sagadahoc County,44.12215,-69.81163,25875.006,Small Reporting Load,Director of Operations,Energy Procurement Manager,Role-based target; individual person not yet verified,Energy Infrastructure,Sales Rep C - Northern New England,Verified from EPA source,Role identified; person not yet verified,Energy-sector operator; retain for market intelligence and qualify end-customer purchasing fit.,https://www.epa.gov/ghgreporting/data-sets,https://www.epa.gov/system/files/other-files/2024-10/ghgp_data_parent_company.xlsb,EPA GHGRP 2023 Direct Point Emitters,2024-08-16,2026-07-30,12,15,10,10,7,54,131,Low
NE-132,GHGRP-1007422,1007422,"Maine Independence Station - Veazie, ME",Maine Independence Station,Vistra Corp,100.0,Power Plants,221112,Veazie,ME,04401,125 SHORE ROAD,Penobscot,44.8236,-68.7106,380420.64,Very Large Reporting Load,Plant Manager,Director of Operations,Role-based target; individual person not yet verified,Market Intelligence - Generation,Sales Rep C - Northern New England,Verified from EPA source,Role identified; person not yet verified,"Generation facility; low end-customer fit, retained for market context and qualification practice.",https://www.epa.gov/ghgreporting/data-sets,https://www.epa.gov/system/files/other-files/2024-10/ghgp_data_parent_company.xlsb,EPA GHGRP 2023 Direct Point Emitters,2024-08-16,2026-07-30,12,5,25,10,0,52,132,Low
NE-133,GHGRP-1000729,1000729,"Merrimack - Bow, NH",Merrimack,GRANITE SHORE POWER LLC,100.0,Power Plants,221112,Bow,NH,03304,431 RIVER RD,Merrimack,43.1411,-71.4692,171786.46,Large Reporting Load,Plant Manager,Director of Operations,Role-based target; individual person not yet verified,Market Intelligence - Generation,Sales Rep C - Northern New England,Verified from EPA source,Role identified; person not yet verified,"Generation facility; low end-customer fit, retained for market context and qualification practice.",https://www.epa.gov/ghgreporting/data-sets,https://www.epa.gov/system/files/other-files/2024-10/ghgp_data_parent_company.xlsb,EPA GHGRP 2023 Direct Point Emitters,2024-08-16,2026-07-30,16,5,20,10,0,51,133,Low
NE-134,GHGRP-1006408,1006408,"Middletown - Middletown, CT",Middletown,ARCLIGHT ENERGY PARTNERS FUND VII LP,100.0,Power Plants,221112,Middletown,CT,06457,1866 RIVER ROAD,Middlesex,41.5544,-72.5793,132892.286,Large Reporting Load,Plant Manager,Director of Operations,Role-based target; individual person not yet verified,Market Intelligence - Generation,Sales Rep B - Connecticut/Rhode Island,Verified from EPA source,Role identified; person not yet verified,"Generation facility; low end-customer fit, retained for market context and qualification practice.",https://www.epa.gov/ghgreporting/data-sets,https://www.epa.gov/system/files/other-files/2024-10/ghgp_data_parent_company.xlsb,EPA GHGRP 2023 Direct Point Emitters,2024-08-16,2026-07-30,16,5,20,10,0,51,134,Low
NE-135,GHGRP-1006775,1006775,"Milford Power, LLC - Milford, MA","Milford Power, LLC",JERA ENERGY AMERICA LLC,50.0,Power Plants,221112,Milford,MA,01757,108 NATIONAL ST,Worcester,42.1292,-71.5122,97706.688,Mid Reporting Load,Plant Manager,Director of Operations,Role-based target; individual person not yet verified,Market Intelligence - Generation,Sales Rep A - Massachusetts,Verified from EPA source,Role identified; person not yet verified,"Generation facility; low end-customer fit, retained for market context and qualification practice.",https://www.epa.gov/ghgreporting/data-sets,https://www.epa.gov/system/files/other-files/2024-10/ghgp_data_parent_company.xlsb,EPA GHGRP 2023 Direct Point Emitters,2024-08-16,2026-07-30,20,5,15,10,0,50,135,Low
NE-136,GHGRP-1000655,1000655,"Medway Station - Medway, MA",Medway Station,CONSTELLATION ENERGY CORP,100.0,Power Plants,221112,Medway,MA,02053,9 SUMMER ST,Norfolk,42.1364,-71.4478,96770.414,Mid Reporting Load,Plant Manager,Director of Operations,Role-based target; individual person not yet verified,Market Intelligence - Generation,Sales Rep A - Massachusetts,Verified from EPA source,Role identified; person not yet verified,"Generation facility; low end-customer fit, retained for market context and qualification practice.",https://www.epa.gov/ghgreporting/data-sets,https://www.epa.gov/system/files/other-files/2024-10/ghgp_data_parent_company.xlsb,EPA GHGRP 2023 Direct Point Emitters,2024-08-16,2026-07-30,20,5,15,10,0,50,136,Low
NE-137,GHGRP-1000092,1000092,"Kneeland Station - Boston, MA",Kneeland Station,VICINITY ENERGY INC,100.0,Power Plants,221330,Boston,MA,02111,165 Kneeland St.,Suffolk,42.35,-71.0583,69195.294,Mid Reporting Load,Plant Manager,Director of Operations,Role-based target; individual person not yet verified,Market Intelligence - Generation,Sales Rep A - Massachusetts,Verified from EPA source,Role identified; person not yet verified,"Generation facility; low end-customer fit, retained for market context and qualification practice.",https://www.epa.gov/ghgreporting/data-sets,https://www.epa.gov/system/files/other-files/2024-10/ghgp_data_parent_company.xlsb,EPA GHGRP 2023 Direct Point Emitters,2024-08-16,2026-07-30,20,5,15,10,0,50,137,Low
NE-138,GHGRP-1000658,1000658,"Canal Station - Sandwich, MA",Canal Station,JERA AMERICAS HOLDINGS INC,100.0,Power Plants,221112,Sandwich,MA,02563,9 FREEZER ROAD,Barnstable,41.7694,-70.5097,59860.608,Mid Reporting Load,Plant Manager,Director of Operations,Role-based target; individual person not yet verified,Market Intelligence - Generation,Sales Rep A - Massachusetts,Verified from EPA source,Role identified; person not yet verified,"Generation facility; low end-customer fit, retained for market context and qualification practice.",https://www.epa.gov/ghgreporting/data-sets,https://www.epa.gov/system/files/other-files/2024-10/ghgp_data_parent_company.xlsb,EPA GHGRP 2023 Direct Point Emitters,2024-08-16,2026-07-30,20,5,15,10,0,50,138,Low
NE-139,GHGRP-1013945,1013945,"Bucksport Mill, LLC - Bucksport, ME","Bucksport Mill, LLC","Bucksport Mill, LLC",100.0,"Power Plants,Waste",221112,Bucksport,ME,04416,109 River Road,Hancock County,44.583564,-68.807274,50526.625,Mid Reporting Load,Plant Manager,Director of Operations,Role-based target; individual person not yet verified,Market Intelligence - Generation,Sales Rep C - Northern New England,Verified from EPA source,Role identified; person not yet verified,Generation and waste facility; validate load-serving opportunity before outreach.,https://www.epa.gov/ghgreporting/data-sets,https://www.epa.gov/system/files/other-files/2024-10/ghgp_data_parent_company.xlsb,EPA GHGRP 2023 Direct Point Emitters,2024-08-16,2026-07-30,12,10,15,10,3,50,139,Low
NE-140,GHGRP-1001312,1001312,"Rumford Power LLC - Rumford, ME",Rumford Power LLC,CARLYLE GROUP MANAGEMENT LLC,100.0,Power Plants,221112,Rumford,ME,04276,43 INDUSTRIAL PARK ROAD,Oxford,44.5303,-70.5219,160818.104,Large Reporting Load,Plant Manager,Director of Operations,Role-based target; individual person not yet verified,Market Intelligence - Generation,Sales Rep C - Northern New England,Verified from EPA source,Role identified; person not yet verified,"Generation facility; low end-customer fit, retained for market context and qualification practice.",https://www.epa.gov/ghgreporting/data-sets,https://www.epa.gov/system/files/other-files/2024-10/ghgp_data_parent_company.xlsb,EPA GHGRP 2023 Direct Point Emitters,2024-08-16,2026-07-30,12,5,20,10,0,47,140,Low
NE-141,GHGRP-1001281,1001281,"Pratt & Whitney, East Hartford - East Hartford, CT","Pratt & Whitney, East Hartford",RTX CORP,100.0,Power Plants,336412,East Hartford,CT,06108,400 MAIN,Hartford,41.75,-72.6347,93595.396,Mid Reporting Load,Plant Manager,Director of Operations,Role-based target; individual person not yet verified,Market Intelligence - Generation,Sales Rep B - Connecticut/Rhode Island,Verified from EPA source,Role identified; person not yet verified,"Generation facility; low end-customer fit, retained for market context and qualification practice.",https://www.epa.gov/ghgreporting/data-sets,https://www.epa.gov/system/files/other-files/2024-10/ghgp_data_parent_company.xlsb,EPA GHGRP 2023 Direct Point Emitters,2024-08-16,2026-07-30,16,5,15,10,0,46,141,Low
NE-142,GHGRP-1000069,1000069,"Wallingford Energy, LLC - Wallingford, CT","Wallingford Energy, LLC","LS Power Development, LLC",100.0,Power Plants,221112,Wallingford,CT,06460,115 John St,New Haven,41.4486,-72.8358,91363.26,Mid Reporting Load,Plant Manager,Director of Operations,Role-based target; individual person not yet verified,Market Intelligence - Generation,Sales Rep B - Connecticut/Rhode Island,Verified from EPA source,Role identified; person not yet verified,"Generation facility; low end-customer fit, retained for market context and qualification practice.",https://www.epa.gov/ghgreporting/data-sets,https://www.epa.gov/system/files/other-files/2024-10/ghgp_data_parent_company.xlsb,EPA GHGRP 2023 Direct Point Emitters,2024-08-16,2026-07-30,16,5,15,10,0,46,142,Low
NE-143,GHGRP-1006409,1006409,"Algonquin Power Windsor Locks, LLC - Windsor Locks, CT","Algonquin Power Windsor Locks, LLC",ALGONQUIN POWER WINDSOR LOCKS LLC,100.0,Power Plants,221112,Windsor Locks,CT,06096,26 CANAL BANK RD,Hartford,41.9227,-72.6255,87637.618,Mid Reporting Load,Plant Manager,Director of Operations,Role-based target; individual person not yet verified,Market Intelligence - Generation,Sales Rep B - Connecticut/Rhode Island,Verified from EPA source,Role identified; person not yet verified,"Generation facility; low end-customer fit, retained for market context and qualification practice.",https://www.epa.gov/ghgreporting/data-sets,https://www.epa.gov/system/files/other-files/2024-10/ghgp_data_parent_company.xlsb,EPA GHGRP 2023 Direct Point Emitters,2024-08-16,2026-07-30,16,5,15,10,0,46,143,Low
NE-144,GHGRP-1001207,1001207,"Bellingham - Bellingham, MA",Bellingham,NEXTERA ENERGY INC,100.0,Power Plants,221112,Bellingham,MA,02019,92 DEPOT ST,Norfolk,42.0925,-71.4833,47720.114,Small Reporting Load,Plant Manager,Director of Operations,Role-based target; individual person not yet verified,Market Intelligence - Generation,Sales Rep A - Massachusetts,Verified from EPA source,Role identified; person not yet verified,"Generation facility; low end-customer fit, retained for market context and qualification practice.",https://www.epa.gov/ghgreporting/data-sets,https://www.epa.gov/system/files/other-files/2024-10/ghgp_data_parent_company.xlsb,EPA GHGRP 2023 Direct Point Emitters,2024-08-16,2026-07-30,20,5,10,10,0,45,144,Low
NE-145,GHGRP-1000667,1000667,"Cleary Flood - Taunton, MA",Cleary Flood,TAUNTON MUNICIPAL LIGHTING PLANT,100.0,Power Plants,221112,Taunton,MA,02780,1314 SOMERSET AVE,Bristol,41.8653,-71.1061,31764.358,Small Reporting Load,Plant Manager,Director of Operations,Role-based target; individual person not yet verified,Market Intelligence - Generation,Sales Rep A - Massachusetts,Verified from EPA source,Role identified; person not yet verified,"Generation facility; low end-customer fit, retained for market context and qualification practice.",https://www.epa.gov/ghgreporting/data-sets,https://www.epa.gov/system/files/other-files/2024-10/ghgp_data_parent_company.xlsb,EPA GHGRP 2023 Direct Point Emitters,2024-08-16,2026-07-30,20,5,10,10,0,45,145,Low
NE-146,GHGRP-1001298,1001298,"Berkshire Power - Agawam, MA",Berkshire Power,BERKSHIRE POWER CO,100.0,Power Plants,221112,Agawam,MA,01001,36 MOYLAN LANE,Hampden,42.0476,-72.6478,27806.744,Small Reporting Load,Plant Manager,Director of Operations,Role-based target; individual person not yet verified,Market Intelligence - Generation,Sales Rep A - Massachusetts,Verified from EPA source,Role identified; person not yet verified,"Generation facility; low end-customer fit, retained for market context and qualification practice.",https://www.epa.gov/ghgreporting/data-sets,https://www.epa.gov/system/files/other-files/2024-10/ghgp_data_parent_company.xlsb,EPA GHGRP 2023 Direct Point Emitters,2024-08-16,2026-07-30,20,5,10,10,0,45,146,Low
NE-147,GHGRP-1000665,1000665,"Potter - Braintree, MA",Potter,BRAINTREE ELECTRIC LIGHT DEPARTMENT,100.0,Power Plants,221112,Braintree,MA,02184,150 POTTER ROAD,Norfolk,42.235,-70.9672,18346.996,Small Reporting Load,Plant Manager,Director of Operations,Role-based target; individual person not yet verified,Market Intelligence - Generation,Sales Rep A - Massachusetts,Verified from EPA source,Role identified; person not yet verified,"Generation facility; low end-customer fit, retained for market context and qualification practice.",https://www.epa.gov/ghgreporting/data-sets,https://www.epa.gov/system/files/other-files/2024-10/ghgp_data_parent_company.xlsb,EPA GHGRP 2023 Direct Point Emitters,2024-08-16,2026-07-30,20,5,10,10,0,45,147,Low
NE-148,GHGRP-1009167,1009167,"Dartmouth Power - Dartmouth, MA",Dartmouth Power,SAPPHIRE POWER HOLDINGS LLC,100.0,Power Plants,221112,Dartmouth,MA,02747,1 ENERGY RD.,Bristol,41.6728,-70.9989,17607.882,Small Reporting Load,Plant Manager,Director of Operations,Role-based target; individual person not yet verified,Market Intelligence - Generation,Sales Rep A - Massachusetts,Verified from EPA source,Role identified; person not yet verified,"Generation facility; low end-customer fit, retained for market context and qualification practice.",https://www.epa.gov/ghgreporting/data-sets,https://www.epa.gov/system/files/other-files/2024-10/ghgp_data_parent_company.xlsb,EPA GHGRP 2023 Direct Point Emitters,2024-08-16,2026-07-30,20,5,10,10,0,45,148,Low
NE-149,GHGRP-1001021,1001021,"Stony Brook - Ludlow, MA",Stony Brook,MASSACHUSETTS MUNICIPAL WHOLESALE ELECTRIC CO,90.76,Power Plants,221112,Ludlow,MA,01056,327 MOODY ST,Hampden,42.1977,-72.5103,17081.006,Small Reporting Load,Plant Manager,Director of Operations,Role-based target; individual person not yet verified,Market Intelligence - Generation,Sales Rep A - Massachusetts,Verified from EPA source,Role identified; person not yet verified,"Generation facility; low end-customer fit, retained for market context and qualification practice.",https://www.epa.gov/ghgreporting/data-sets,https://www.epa.gov/system/files/other-files/2024-10/ghgp_data_parent_company.xlsb,EPA GHGRP 2023 Direct Point Emitters,2024-08-16,2026-07-30,20,5,10,10,0,45,149,Low
NE-150,GHGRP-1005731,1005731,"Pittsfield Generating - Pittsfield, MA",Pittsfield Generating,PITTSFIELD GENERATING CO LP,100.0,Power Plants,221112,Pittsfield,MA,01201,235 MERRILL ROAD,Berkshire,42.4564,-73.2181,10630.904,Small Reporting Load,Plant Manager,Director of Operations,Role-based target; individual person not yet verified,Market Intelligence - Generation,Sales Rep A - Massachusetts,Verified from EPA source,Role identified; person not yet verified,"Generation facility; low end-customer fit, retained for market context and qualification practice.",https://www.epa.gov/ghgreporting/data-sets,https://www.epa.gov/system/files/other-files/2024-10/ghgp_data_parent_company.xlsb,EPA GHGRP 2023 Direct Point Emitters,2024-08-16,2026-07-30,20,5,10,10,0,45,150,Low
NE-151,GHGRP-1001296,1001296,"JGT2 Cogen - Jay, ME",JGT2 Cogen,PIXELLE SPECIALTY SOLUTIONS LLC,100.0,Power Plants,221112,Jay,ME,04239,GATE 15 300 RILEY ROAD,Franklin,44.506,-70.242,56678.95,Mid Reporting Load,Plant Manager,Director of Operations,Role-based target; individual person not yet verified,Market Intelligence - Generation,Sales Rep C - Northern New England,Verified from EPA source,Role identified; person not yet verified,"Generation facility; low end-customer fit, retained for market context and qualification practice.",https://www.epa.gov/ghgreporting/data-sets,https://www.epa.gov/system/files/other-files/2024-10/ghgp_data_parent_company.xlsb,EPA GHGRP 2023 Direct Point Emitters,2024-08-16,2026-07-30,12,5,15,10,0,42,151,Low
NE-152,GHGRP-1001615,1001615,"William F Wyman - Yarmouth, ME",William F Wyman,NEXTERA ENERGY INC,100.0,Power Plants,221112,Yarmouth,ME,04096,677 COUSINS ST,Cumberland,43.75,-70.1569,52726.078,Mid Reporting Load,Plant Manager,Director of Operations,Role-based target; individual person not yet verified,Market Intelligence - Generation,Sales Rep C - Northern New England,Verified from EPA source,Role identified; person not yet verified,"Generation facility; low end-customer fit, retained for market context and qualification practice.",https://www.epa.gov/ghgreporting/data-sets,https://www.epa.gov/system/files/other-files/2024-10/ghgp_data_parent_company.xlsb,EPA GHGRP 2023 Direct Point Emitters,2024-08-16,2026-07-30,12,5,15,10,0,42,152,Low
NE-153,GHGRP-1001181,1001181,"Newington - Newington, NH",Newington,GRANITE SHORE POWER LLC,100.0,Power Plants,221112,Newington,NH,03801,165 GOSLING RD,Rockingham,43.0974,-70.7834,48367.93,Small Reporting Load,Plant Manager,Director of Operations,Role-based target; individual person not yet verified,Market Intelligence - Generation,Sales Rep C - Northern New England,Verified from EPA source,Role identified; person not yet verified,"Generation facility; low end-customer fit, retained for market context and qualification practice.",https://www.epa.gov/ghgreporting/data-sets,https://www.epa.gov/system/files/other-files/2024-10/ghgp_data_parent_company.xlsb,EPA GHGRP 2023 Direct Point Emitters,2024-08-16,2026-07-30,16,5,10,10,0,41,153,Low
NE-154,GHGRP-1010343,1010343,"Hartford Hospital Cogeneration Facility - Hartford, CT",Hartford Hospital Cogeneration Facility,CARTIER ENERGY LLC,100.0,Power Plants,221330,Hartford,CT,06106,19 Jefferson St,Hartford County,41.7554,-72.67721,39790.698,Small Reporting Load,Plant Manager,Director of Operations,Role-based target; individual person not yet verified,Market Intelligence - Generation,Sales Rep B - Connecticut/Rhode Island,Verified from EPA source,Role identified; person not yet verified,"Generation facility; low end-customer fit, retained for market context and qualification practice.",https://www.epa.gov/ghgreporting/data-sets,https://www.epa.gov/system/files/other-files/2024-10/ghgp_data_parent_company.xlsb,EPA GHGRP 2023 Direct Point Emitters,2024-08-16,2026-07-30,16,5,10,10,0,41,154,Low
NE-155,GHGRP-1001469,1001469,"Montville - Uncasville, CT",Montville,ARCLIGHT ENERGY PARTNERS FUND VII LP,100.0,Power Plants,221112,Uncasville,CT,06382,74 LATHROP ROAD,New London,41.4281,-72.1019,38782.476,Small Reporting Load,Plant Manager,Director of Operations,Role-based target; individual person not yet verified,Market Intelligence - Generation,Sales Rep B - Connecticut/Rhode Island,Verified from EPA source,Role identified; person not yet verified,"Generation facility; low end-customer fit, retained for market context and qualification practice.",https://www.epa.gov/ghgreporting/data-sets,https://www.epa.gov/system/files/other-files/2024-10/ghgp_data_parent_company.xlsb,EPA GHGRP 2023 Direct Point Emitters,2024-08-16,2026-07-30,16,5,10,10,0,41,155,Low
NE-156,GHGRP-1010109,1010109,"Hartford Steam - Columbus Plant - Hartford, CT",Hartford Steam - Columbus Plant,CARTIER ENERGY LLC,100.0,Power Plants,221330,Hartford,CT,06103,60 Columbus Blvd,Hartford County,41.76182,-72.67019,31798.18,Small Reporting Load,Plant Manager,Director of Operations,Role-based target; individual person not yet verified,Market Intelligence - Generation,Sales Rep B - Connecticut/Rhode Island,Verified from EPA source,Role identified; person not yet verified,"Generation facility; low end-customer fit, retained for market context and qualification practice.",https://www.epa.gov/ghgreporting/data-sets,https://www.epa.gov/system/files/other-files/2024-10/ghgp_data_parent_company.xlsb,EPA GHGRP 2023 Direct Point Emitters,2024-08-16,2026-07-30,16,5,10,10,0,41,156,Low
NE-157,GHGRP-1005996,1005996,"New Haven Harbor Station - New Haven, CT",New Haven Harbor Station,ARCLIGHT ENERGY PARTNERS FUND VII LP,100.0,Power Plants,221112,New Haven,CT,06512,600 Connecticut Avenue,New Haven,41.2836,-72.9042,28840.559,Small Reporting Load,Plant Manager,Director of Operations,Role-based target; individual person not yet verified,Market Intelligence - Generation,Sales Rep B - Connecticut/Rhode Island,Verified from EPA source,Role identified; person not yet verified,"Generation facility; low end-customer fit, retained for market context and qualification practice.",https://www.epa.gov/ghgreporting/data-sets,https://www.epa.gov/system/files/other-files/2024-10/ghgp_data_parent_company.xlsb,EPA GHGRP 2023 Direct Point Emitters,2024-08-16,2026-07-30,16,5,10,10,0,41,157,Low
NE-158,GHGRP-1000538,1000538,"Waterbury Generation - Waterbury, CT",Waterbury Generation,MPH WATERBURY LLC,100.0,Power Plants,221112,Waterbury,CT,06708,725 BANK ST,New Haven,41.5444,-73.0416,21363.17,Small Reporting Load,Plant Manager,Director of Operations,Role-based target; individual person not yet verified,Market Intelligence - Generation,Sales Rep B - Connecticut/Rhode Island,Verified from EPA source,Role identified; person not yet verified,"Generation facility; low end-customer fit, retained for market context and qualification practice.",https://www.epa.gov/ghgreporting/data-sets,https://www.epa.gov/system/files/other-files/2024-10/ghgp_data_parent_company.xlsb,EPA GHGRP 2023 Direct Point Emitters,2024-08-16,2026-07-30,16,5,10,10,0,41,158,Low
NE-159,GHGRP-1000730,1000730,"Schiller - Portsmouth, NH",Schiller,GRANITE SHORE POWER LLC,100.0,Power Plants,221112,Portsmouth,NH,03801,400 GOSLING RD,Rockingham,43.0978,-70.7842,687.738,Small Reporting Load,Plant Manager,Director of Operations,Role-based target; individual person not yet verified,Market Intelligence - Generation,Sales Rep C - Northern New England,Verified from EPA source,Role identified; person not yet verified,"Generation facility; low end-customer fit, retained for market context and qualification practice.",https://www.epa.gov/ghgreporting/data-sets,https://www.epa.gov/system/files/other-files/2024-10/ghgp_data_parent_company.xlsb,EPA GHGRP 2023 Direct Point Emitters,2024-08-16,2026-07-30,16,5,10,10,0,41,159,Low
NE-160,GHGRP-1006174,1006174,"BUCKSPORT GENERATION LLC - Bucksport, ME",BUCKSPORT GENERATION LLC,AIM Development USA LLC,100.0,Power Plants,221112,Bucksport,ME,04416,30 Generation Lane,Hancock County,44.576944,-68.805556,9333.708,Small Reporting Load,Plant Manager,Director of Operations,Role-based target; individual person not yet verified,Market Intelligence - Generation,Sales Rep C - Northern New England,Verified from EPA source,Role identified; person not yet verified,"Generation facility; low end-customer fit, retained for market context and qualification practice.",https://www.epa.gov/ghgreporting/data-sets,https://www.epa.gov/system/files/other-files/2024-10/ghgp_data_parent_company.xlsb,EPA GHGRP 2023 Direct Point Emitters,2024-08-16,2026-07-30,12,5,10,10,0,37,160,Low
